ID,CFR_prediction,gold,rawLevenshteinED,phonemewiseLevenshteinED,featureED,pred_phone_length,gold_phone_length
0,*/ˈa/,/ˈa/,0,0.0,0.0,1,1
1,*/aelˈunə/,/alˈunə/,1,0.2,0.34615384615384615,6,5
2,*/ˈa/,/ˈa/,0,0.0,0.0,1,1
3,*/adəpˈa/,/adəpˈa/,0,0.0,0.0,5,5
4,*/adəpo̯ˈaset/,/adəpˈost/,3,0.42857142857142855,1.5576923076923077,9,7
5,*/adɨstˈa/,/adəstˈa/,1,0.16666666666666666,0.057692307692307696,6,6
6,*/adəɡˈa/,/adəwɡˈa/,1,0.16666666666666666,0.4807692307692308,5,6
7,*/adˈer/,/adevˈər/,3,0.5,1.1538461538461537,4,6
8,*/adedˈes/,/adˈins/,3,0.6,1.0,6,5
9,*/aʒˈund͡ʒe/,/aʒˈund͡ʒe/,0,0.0,0.0,6,6
10,*/aʒutˈa/,/aʒutˈa/,0,0.0,0.0,5,5
11,*/aʒutˈorʒ/,/aʒutˈor/,1,0.16666666666666666,0.5384615384615384,7,6
12,*/adlˈaterə/,/alˈəturj/,4,0.5714285714285714,1.0,8,7
13,*/adjˈed͡ʒe/,/alˈed͡ʒe/,2,0.4,0.5769230769230769,6,5
14,*/alintˈa/,/alintˈa/,0,0.0,0.0,6,6
15,*/adlunɡˈa/,/alunɡˈa/,1,0.16666666666666666,0.5384615384615384,7,6
16,*/adməd͡ʒj̊/,/aməd͡ʒˈi/,2,0.4,0.75,6,5
17,*/admɨnɨsd͡ʒˈa/,/amenint͡sˈa/,5,0.625,1.0576923076923077,9,8
18,*/adninˈa/,/aninˈa/,1,0.2,0.5384615384615384,6,5
19,*/aduld͡ʒˈa/,/adiˈa/,3,0.75,1.5192307692307692,6,4
20,*/adurmj̊/,/adormˈi/,2,0.3333333333333333,0.15384615384615385,6,6
21,*/adplekˈa/,/aplekˈa/,1,0.16666666666666666,0.5384615384615384,7,6
22,*/adpˈune/,/apˈune/,1,0.2,0.5384615384615384,6,5
23,*/adpˈoj/,/apˈoj/,1,0.25,0.5384615384615384,5,4
24,*/adp?1ˈinde/,/aprˈinde/,2,0.2857142857142857,0.5769230769230769,8,7
25,*/adpro̯ˈape/,/apro̯ˈape/,1,0.14285714285714285,0.5,8,7
26,*/adˈut͡ʃe/,/adˈut͡ʃe/,0,0.0,0.0,5,5
27,*/adumb?1j̍/,/adumbrˈi/,2,0.2857142857142857,0.07692307692307693,7,7
28,*/adunkˈa/,/adɨnkˈa/,1,0.16666666666666666,0.11538461538461539,6,6
29,*/adˈunk/,/adˈɨnk/,1,0.2,0.11538461538461539,5,5
30,*/ˈare/,/ˈajer/,2,0.5,0.8076923076923077,3,4
31,*/ae̯rˈəme/,/arˈamə/,3,0.6,0.46153846153846156,6,5
32,*/aflˈa/,/aflˈa/,0,0.0,0.0,4,4
33,*/ad͡ʒˈest/,/ad͡ʒˈest/,0,0.0,0.0,5,5
34,*/ˈad͡ʒere/,/ˈad͡ʒer/,1,0.25,0.5384615384615384,5,4
35,*/aɡurˈa/,/aɡurˈa/,0,0.0,0.0,5,5
36,*/aɡˈust/,/aɡˈust/,0,0.0,0.0,5,5
37,*/jejstˈa/,/ajeptˈa/,3,0.5,0.5769230769230769,6,6
38,*/jeˈun/,/aʒˈun/,2,0.5,0.4230769230769231,4,4
39,*/jeunˈa/,/aʒunˈa/,2,0.4,0.4230769230769231,5,5
40,*/ˈazə/,/ˈat͡sə/,1,0.3333333333333333,0.09615384615384616,3,3
41,*/akəpd͡ʒˈa/,/akət͡sˈa/,2,0.4,0.7692307692307693,6,5
42,*/ˈaprw̍/,/ˈakru/,2,0.5,0.19230769230769232,4,4
43,*/ɑsˈund͡ʒə/,/osˈɨnzə/,3,0.5,0.40384615384615385,6,6
44,*/ˈak/,/ˈak/,0,0.0,0.0,2,2
45,*/ˈapə/,/ˈapə/,0,0.0,0.0,3,3
46,*/apˈarʒ/,/apˈar/,1,0.25,0.5384615384615384,5,4
47,*/apətˈos/,/apətˈos/,0,0.0,0.0,6,6
48,*/ˈat͡ʃerə/,/ˈat͡ʃerə/,0,0.0,0.0,5,5
49,*/akˈos/,/apˈos/,1,0.25,0.15384615384615385,4,4
50,*/albˈastrw̍/,/albˈastru/,1,0.125,0.038461538461538464,8,8
51,*/albj̊/,/albˈi/,1,0.25,0.11538461538461539,4,4
52,*/albˈazə/,/albe̯ˈat͡sə/,2,0.2857142857142857,0.4807692307692308,6,7
53,*/albo̯ˈare/,/albo̯ˈare/,0,0.0,0.0,7,7
54,*/ˈalb/,/ˈalb/,0,0.0,0.0,3,3
55,*/ale̯ˈat/,/aluˈat/,1,0.2,0.2692307692307692,5,5
56,*/altˈarʒ/,/altˈar/,1,0.2,0.5384615384615384,6,5
57,*/ˈalter/,/ˈalt/,2,0.6666666666666666,1.25,5,3
58,*/alte̯ˈazə/,/altˈit͡sə/,3,0.5,0.6153846153846154,7,6
59,*/albd͡ʒˈarʒ/,/albjˈer/,3,0.5,0.8653846153846154,7,6
60,*/a?1o̯ˈarə/,/albio̯ˈarə/,3,0.375,1.3461538461538463,6,8
61,*/a?1ˈinə/,/albˈinə/,2,0.3333333333333333,0.6923076923076923,5,6
62,*/əmˈar/,/amˈar/,1,0.25,0.09615384615384616,4,4
63,*/əməre̯ˈazə/,/aməre̯ˈat͡sə/,2,0.25,0.19230769230769232,8,8
64,*/əmindwj̊/,/amɨndˈoj/,4,0.5714285714285714,0.28846153846153844,7,7
65,*/əmət͡sj̊/,/amet͡sˈi/,3,0.6,0.2692307692307692,5,5
66,*/əmurt͡sj̊/,/amort͡sˈi/,3,0.5,0.25,6,6
67,*/əmut͡sj̊/,/amut͡sˈi/,2,0.4,0.21153846153846154,5,5
68,*/apərˈa/,/apərˈa/,0,0.0,0.0,5,5
69,*/apəsˈa/,/apəsˈa/,0,0.0,0.0,5,5
70,*/ap?1ˈik/,/ˈapriɡ/,4,0.8,0.23076923076923078,5,5
71,*/arˈa/,/arˈa/,0,0.0,0.0,3,3
72,*/arəto̯ˈare/,/arətˈor/,3,0.5,1.1923076923076923,8,6
73,*/arətˈorʒ/,/arətˈor/,1,0.16666666666666666,0.5384615384615384,7,6
74,*/arˈatrw̍/,/arˈat/,2,0.5,1.25,6,4
75,*/arˈat/,/arˈat/,0,0.0,0.0,4,4
76,*/arətˈurə/,/arətˈurə/,0,0.0,0.0,7,7
77,*/ˈarbure/,/ˈarbure/,0,0.0,0.0,6,6
78,*/arburˈet/,/arburˈet/,0,0.0,0.0,7,7
79,*/ˈarde/,/ˈarde/,0,0.0,0.0,4,4
80,*/ard͡ʒˈint/,/ard͡ʒˈint/,0,0.0,0.0,6,6
81,*/ard͡ʒintˈarʒ/,/ard͡ʒintˈar/,1,0.125,0.5384615384615384,9,8
82,*/ard͡ʒintˈos/,/ard͡ʒintˈos/,0,0.0,0.0,8,8
83,*/arkˈarʒ/,/arkˈar/,1,0.2,0.5384615384615384,6,5
84,*/ˈark/,/ˈark/,0,0.0,0.0,3,3
85,*/asˈurə/,/arsˈurə/,1,0.16666666666666666,0.4230769230769231,5,6
86,*/ˈaskje/,/ˈaʃkje/,1,0.2,0.11538461538461539,5,5
87,*/bəpteʒˈune/,/boteʒˈune/,2,0.25,0.5576923076923077,9,8
88,*/bəptezˈa/,/botezˈa/,2,0.3333333333333333,0.5576923076923077,7,6
89,*/bəsˈerekə/,/bisˈerikə/,2,0.25,0.1346153846153846,8,8
90,*/bətˈald͡ʒə/,/bətˈaje/,3,0.5,0.9615384615384616,7,6
91,*/brˈakəe̯/,/brˈat͡ʃe/,3,0.6,0.7115384615384616,6,5
92,*/bro̯ˈatək/,/bro̯ˈatek/,1,0.14285714285714285,0.057692307692307696,7,7
93,*/dɨmnˈa/,/dəwnˈa/,2,0.4,0.3076923076923077,5,5
94,*/deto̯ˈare/,/datˈor/,4,0.8,1.2307692307692308,7,5
95,*/derəmˈa/,/dərɨmˈa/,2,0.3333333333333333,0.11538461538461539,6,6
96,*/desederˈa/,/deʃiderˈa/,2,0.25,0.15384615384615385,8,8
97,*/d͡ʒˈɨnə/,/zˈɨnə/,1,0.25,0.17307692307692307,4,4
98,*/dskɨrəkˈa/,/deskərkˈa/,3,0.375,1.3461538461538463,8,8
99,*/duro̯ˈare/,/duro̯ˈare/,0,0.0,0.0,7,7
100,*/duplekˈa/,/duplekˈa/,0,0.0,0.0,7,7
101,*/kəɑlˈɑre/,/kəlˈare/,2,0.3333333333333333,0.5192307692307693,7,6
102,*/kˈae̯r/,/t͡ʃˈer/,3,1.0,0.5961538461538461,4,3
103,*/kɨntet͡ʃˈel/,/kɨntet͡ʃˈel/,0,0.0,0.0,8,8
104,*/kəpˈəstrw̍/,/kəpˈəstru/,1,0.125,0.038461538461538464,8,8
105,*/kəpet͡sˈinə/,/kəpət͡sˈɨnə/,2,0.25,0.09615384615384616,8,8
106,*/kˈɑurə/,/ɡˈawrə/,3,0.6,0.19230769230769232,5,5
107,*/t͡ʃe̯ˈapə/,/t͡ʃe̯ˈapə/,0,0.0,0.0,5,5
108,*/t͡ʃerɨsd͡ʒˈɑrʒ/,/t͡ʃireʃˈar/,6,0.8571428571428571,1.4230769230769231,9,7
109,*/t͡ʃe?1e̯ˈasd͡ʒə/,/t͡ʃire̯ˈaʃə/,4,0.5714285714285714,0.75,8,7
110,*/t͡ʃertˈɑ/,/t͡ʃertˈa/,1,0.2,0.07692307692307693,5,5
111,*/t͡ʃeko̯ˈard͡ʒə/,/t͡ʃiko̯ˈare/,3,0.42857142857142855,0.6923076923076923,8,7
112,*/kukˈutə/,/kukˈutə/,0,0.0,0.0,6,6
113,*/kunˈɑt/,/kumnˈat/,2,0.3333333333333333,0.5,5,6
114,*/kustˈorʒ/,/kuptˈor/,2,0.3333333333333333,0.7307692307692307,7,6
115,*/kuminekˈɑ/,/kuminekˈa/,1,0.125,0.07692307692307693,8,8
116,*/kurnˈut/,/kornˈut/,1,0.16666666666666666,0.038461538461538464,6,6
117,*/kˈor/,/kˈorb/,1,0.25,0.4230769230769231,3,4
118,*/kutezˈɑ/,/kutezˈa/,1,0.16666666666666666,0.07692307692307693,6,6
119,*/kre̯ˈastə/,/kre̯ˈastə/,0,0.0,0.0,7,7
120,*/kukˈutə/,/kukˈutə/,0,0.0,0.0,6,6
121,*/kurd͡ʒˈa/,/krut͡sˈa/,3,0.6,0.9230769230769231,5,5
122,*/kˈodrw̍/,/kˈodru/,1,0.2,0.038461538461538464,5,5
123,*/pˈae̯re/,/t͡ʃˈere/,3,0.75,0.5961538461538461,5,4
124,*/ekwj̊/,/at͡ʃˈi/,4,1.3333333333333333,0.8653846153846154,4,3
125,*/ekwˈo/,/akˈo/,2,0.6666666666666666,0.4230769230769231,4,3
126,*/ekd͡ʒˈel/,/at͡ʃˈel/,3,0.75,0.75,5,4
127,*/et͡ʃˈest/,/at͡ʃˈest/,1,0.2,0.038461538461538464,5,5
128,*/sˈalbəd/,/sˈarbəd/,1,0.16666666666666666,0.038461538461538464,6,6
129,*/skədˈe/,/skəde̯ˈa/,2,0.3333333333333333,0.4423076923076923,5,6
130,*/skɨmd͡ʒˈa/,/skimbˈa/,2,0.3333333333333333,0.28846153846153844,6,6
131,*/skəpˈa/,/skəpˈa/,0,0.0,0.0,5,5
132,*/skərmɨnˈa/,/skərmənˈa/,1,0.125,0.057692307692307696,8,8
133,*/smˈuld͡ʒe/,/smˈuld͡ʒe/,0,0.0,0.0,6,6
134,*/smˈult/,/smˈult/,0,0.0,0.0,5,5
135,*/spˈa/,/spəlˈa/,2,0.4,1.1730769230769231,3,5
136,*/erˈez/,/arˈit͡ʃj/,4,0.8,0.9230769230769231,4,5
137,*/fəwrekˈa/,/ferekˈa/,2,0.3333333333333333,0.6153846153846154,7,6
138,*/fˈalt͡ʃe/,/fˈalt͡ʃe/,0,0.0,0.0,5,5
139,*/fˈalt͡ʃj̊/,/fˈəlt͡ʃj/,2,0.4,0.1346153846153846,5,5
140,*/fˈarmək/,/fˈarmek/,1,0.16666666666666666,0.057692307692307696,6,6
141,*/fəwrˈarʒ/,/fəwrˈar/,1,0.16666666666666666,0.5384615384615384,7,6
142,*/flˈakurə/,/flˈakərə/,1,0.14285714285714285,0.17307692307692307,7,7
143,*/furtˈunə/,/furtˈunə/,0,0.0,0.0,7,7
144,*/fusˈɑt/,/sˈat/,3,1.0,1.6730769230769231,5,3
145,*/frˈin/,/frˈɨnə/,2,0.4,0.5,4,5
146,*/f?1ˈid͡ʒe/,/frˈid͡ʒe/,1,0.2,0.038461538461538464,5,5
147,*/ɡəlinˈɑz/,/ɡəjnˈat͡s/,4,0.6666666666666666,0.8461538461538461,7,6
148,*/ɡjˈɑndə/,/ɡˈində/,2,0.4,0.6153846153846154,6,5
149,*/ɡjˈɑndurə/,/ɡˈindurə/,2,0.2857142857142857,0.6153846153846154,8,7
150,*/ɡˈurə/,/ɡˈurə/,0,0.0,0.0,4,4
151,*/d͡ʒˈir/,/ʒˈur/,2,0.6666666666666666,0.21153846153846154,3,3
152,*/inperd͡ʒˈir/,/ɨmpreʒˈur/,6,0.75,0.8846153846153846,8,8
153,*/ˈae̯d/,/jˈed/,2,0.6666666666666666,0.23076923076923078,3,3
154,*/ˈomne/,/ˈom/,2,1.0,0.9807692307692307,4,2
155,*/urj̊/,/urˈɨ/,1,0.3333333333333333,0.15384615384615385,3,3
156,*/impərˈɑt/,/ɨmpərˈat/,2,0.2857142857142857,0.11538461538461539,7,7
157,*/inˈɑlt/,/ɨnˈalt/,2,0.4,0.11538461538461539,5,5
158,*/inəld͡ʒˈɑ/,/ɨnəlt͡sˈa/,3,0.5,0.2692307692307692,6,6
159,*/inkɨrəkˈɑ/,/ɨnkərkˈa/,4,0.5714285714285714,0.7115384615384616,8,7
160,*/inkund͡ʒerˈɑ/,/ɨnkunʒurˈa/,4,0.4444444444444444,0.36538461538461536,9,9
161,*/inderestˈɑ/,/ɨndreptˈa/,4,0.5,0.9423076923076923,9,8
162,*/ifɨsd͡ʒˈɑ/,/ɨnfəʃˈa/,6,1.0,1.1538461538461537,6,6
163,*/inɡɨnˈɑ/,/ɨnɡənˈa/,3,0.5,0.17307692307692307,6,6
164,*/ined͡ʒˈɑ/,/ɨnvət͡sˈa/,5,0.8333333333333334,0.8076923076923077,5,6
165,*/ʒudekˈɑtə/,/ʒudekˈatə/,1,0.125,0.07692307692307693,8,8
166,*/inˈarʒ/,/amnˈar/,3,0.6,1.0192307692307692,5,5
167,*/mɨnˈarʒ/,/mɨnˈer/,2,0.4,0.5769230769230769,6,5
168,*/mɨstekˈa/,/mestekˈa/,1,0.14285714285714285,0.07692307692307693,7,7
169,*/mstekˈa/,/mestekˈa/,1,0.14285714285714285,0.6730769230769231,6,7
170,*/pəˈune/,/pəˈun/,1,0.25,0.5769230769230769,5,4
171,*/pjˈeptine/,/pjˈepten/,2,0.2857142857142857,0.6153846153846154,8,7
172,*/pəkˈulʒ/,/pəkˈuj/,2,0.4,0.8461538461538461,6,5
173,*/pjˈarɡurə/,/pˈɨrɡje/,5,0.8333333333333334,1.4615384615384615,8,6
174,*/pstˈald͡ʒə/,/pəstˈaje/,4,0.5714285714285714,1.5576923076923077,7,7
175,*/pˈaturə/,/pˈəturə/,1,0.16666666666666666,0.09615384615384616,6,6
176,*/plˈɑɡə/,/plˈaɡə/,1,0.2,0.07692307692307693,5,5
177,*/plˈop/,/plˈop/,0,0.0,0.0,4,4
178,*/prˈae̯də/,/prˈadə/,1,0.2,0.40384615384615385,6,5
179,*/prəe̯dˈɑ/,/prədˈa/,2,0.4,0.5,6,5
180,*/prˈae̯etre/,/prˈeot/,5,1.0,1.3269230769230769,8,5
181,*/priməe̯ˈarə/,/prˈiməvarə/,3,0.3333333333333333,0.40384615384615385,9,9
182,*/pˈunɡə/,/pˈunɡə/,0,0.0,0.0,5,5
183,*/səd͡ʒe̯ˈatə/,/səd͡ʒe̯ˈatə/,0,0.0,0.0,7,7
184,*/səd͡ʒetˈɑ/,/səd͡ʒetˈa/,1,0.16666666666666666,0.07692307692307693,6,6
185,*/sˈant/,/sˈɨnt/,1,0.25,0.11538461538461539,4,4
186,*/sˈapə/,/sˈapə/,0,0.0,0.0,4,4
187,*/səpˈa/,/səpˈa/,0,0.0,0.0,4,4
188,*/srˈet/,/səkrˈet/,2,0.3333333333333333,1.2884615384615385,4,6
189,*/ʃˈarə/,/ʃˈarə/,0,0.0,0.0,4,4
190,*/ʃt͡ʃinte̯ˈald͡ʒə/,/skɨntˈeje/,8,1.0,1.8461538461538463,10,8
191,*/skɨnte̯ˈald͡ʒə/,/skɨntˈeje/,5,0.625,1.4423076923076923,10,8
192,*/strˈamb/,/strˈɨmb/,1,0.16666666666666666,0.11538461538461539,6,6
193,*/stˈupə/,/stˈupə/,0,0.0,0.0,5,5
194,*/astupˈa/,/astupˈa/,0,0.0,0.0,6,6
195,*/stˈurə/,/stˈurə/,0,0.0,0.0,5,5
196,*/ulˈɑ/,/urlˈa/,2,0.5,0.5,3,4
197,*/eʃˈikə/,/bəʃˈikə/,2,0.3333333333333333,0.5769230769230769,5,6
198,*/ˈesk/,/vˈɨsk/,2,0.5,0.7307692307692307,3,4
199,*/ˈitrek/,/vˈitreɡ/,2,0.3333333333333333,0.7307692307692307,5,6
200,*/fˈət/,/fˈət/,0,0.0,0.0,3,3
201,*/fˈatə/,/fˈatə/,0,0.0,0.0,4,4
202,*/ʒˈuij̊/,/ʒˈune/,2,0.5,0.5,4,4
203,*/ʒˈuine/,/ʒˈune/,1,0.25,0.5769230769230769,5,4
204,*/mˈaskur/,/mˈaskur/,0,0.0,0.0,6,6
205,*/nˈat/,/nˈat/,0,0.0,0.0,3,3
206,*/t͡sˈiner/,/tˈɨnər/,3,0.6,0.17307692307692307,5,5
207,*/eterˈɨn/,/bətrˈɨn/,3,0.5,1.0961538461538463,6,6
208,*/kˈorp/,/kˈorp/,0,0.0,0.0,4,4
209,*/stˈat/,/stˈat/,0,0.0,0.0,4,4
210,*/bˈarbə/,/bˈarbə/,0,0.0,0.0,5,5
211,*/bˈukə/,/bˈukə/,0,0.0,0.0,4,4
212,*/kəpet͡sˈinə/,/kəpət͡sˈɨnə/,2,0.25,0.09615384615384616,8,8
213,*/t͡ʃe?1ˈewr/,/krˈejer/,5,0.8333333333333334,1.2115384615384615,6,6
214,*/dˈinte/,/dˈinte/,0,0.0,0.0,5,5
215,*/flˈok/,/flˈok/,0,0.0,0.0,4,4
216,*/frˈonte/,/frˈunte/,1,0.16666666666666666,0.038461538461538464,6,6
217,*/d͡ʒˈinəe̯/,/d͡ʒe̯ˈanə/,3,0.6,0.8461538461538461,5,5
218,*/d͡ʒind͡ʒˈia/,/d͡ʒind͡ʒˈije/,2,0.2857142857142857,0.23076923076923078,6,7
219,*/ɡˈurə/,/ɡˈurə/,0,0.0,0.0,4,4
220,*/lˈimbə/,/lˈimbə/,0,0.0,0.0,5,5
221,*/məse̯ˈawə/,/məse̯ˈa/,2,0.4,1.0192307692307692,7,5
222,*/nˈare/,/nˈərj/,2,0.5,0.21153846153846154,4,4
223,*/nˈa?1j̊/,/nˈərj/,3,0.75,0.17307692307692307,4,4
224,*/nˈas/,/nˈas/,0,0.0,0.0,3,3
225,*/pərˈat/,/pərˈat͡s/,1,0.2,0.07692307692307693,5,5
226,*/rˈostrw̍/,/rˈost/,2,0.5,1.1346153846153846,6,4
227,*/t͡sˈastə/,/t͡se̯ˈastə/,1,0.16666666666666666,0.4807692307692308,5,6
228,*/t͡ʃe?1ˈit͡ʃe/,/t͡ʃerbˈit͡ʃe/,2,0.2857142857142857,0.6153846153846154,6,7
229,*/ˈanmə/,/ˈinimə/,2,0.4,0.75,4,5
230,*/kətˈinə/,/kətˈinə/,0,0.0,0.0,6,6
231,*/kˈolʒ/,/kˈoj/,2,0.6666666666666666,0.8461538461538461,4,3
232,*/ko̯ˈastə/,/ko̯ˈastə/,0,0.0,0.0,6,6
233,*/kˈur/,/kˈur/,0,0.0,0.0,3,3
234,*/fəkˈat/,/fikˈat/,1,0.2,0.09615384615384616,5,5
235,*/ˈumər/,/ˈumər/,0,0.0,0.0,4,4
236,*/mˈazə/,/mˈat͡s/,2,0.6666666666666666,0.5961538461538461,4,3
237,*/mɨnutˈald͡ʒə/,/məruntˈaje/,6,0.6666666666666666,1.4038461538461537,9,9
238,*/mˈuskur/,/mˈuʃkj/,3,0.6,1.0384615384615385,6,5
239,*/pˈaʃt͡ʃe/,/pˈeʃte/,2,0.4,0.23076923076923078,5,5
240,*/rˈɨnə/,/rˈɨnə/,0,0.0,0.0,4,4
241,*/rɨnˈekur/,/rinˈikj/,4,0.6666666666666666,1.0,7,6
242,*/rɨnˈunkur/,/rərˈunkj/,4,0.5714285714285714,1.0192307692307692,8,7
243,*/sˈin/,/sˈɨn/,1,0.3333333333333333,0.038461538461538464,3,3
244,*/spɨnˈare/,/spinˈare/,1,0.14285714285714285,0.038461538461538464,7,7
245,*/splˈinə/,/splˈinə/,0,0.0,0.0,6,6
246,*/suɡˈarə/,/suo̯ˈarə/,1,0.16666666666666666,0.2692307692307692,6,6
247,*/te̯ˈazə/,/t͡sˈɨt͡sə/,4,1.0,0.7307692307692307,5,4
248,*/trˈunkur/,/trˈunkj/,2,0.3333333333333333,0.9230769230769231,7,6
249,*/umbe?1ˈik/,/burˈik/,4,0.8,1.4038461538461537,7,5
250,*/inˈin/,/venˈin/,2,0.4,0.6923076923076923,4,5
251,*/ˈintre/,/vˈintre/,1,0.16666666666666666,0.6923076923076923,5,6
252,*/ˈarm/,/ˈarm/,0,0.0,0.0,3,3
253,*/brˈakʒ/,/brˈat͡s/,2,0.5,0.9038461538461539,5,4
254,*/kəlkˈanʒ/,/kəlkˈɨj/,3,0.5,0.9230769230769231,7,6
255,*/kˈuet/,/kˈot/,2,0.6666666666666666,0.7115384615384616,4,3
256,*/dˈed͡ʒet/,/dˈed͡ʒet/,0,0.0,0.0,5,5
257,*/derˈept/,/drˈept/,1,0.2,0.6346153846153846,6,5
258,*/d͡ʒinˈukur/,/d͡ʒenˈunkj/,4,0.5714285714285714,0.9615384615384616,7,7
259,*/mˈɨn/,/mˈɨnə/,1,0.25,0.46153846153846156,3,4
260,*/mˈɨnə/,/mˈɨnə/,0,0.0,0.0,4,4
261,*/pˈalmə/,/pˈalmə/,0,0.0,0.0,5,5
262,*/pəʒˈor/,/pit͡ʃˈor/,2,0.4,0.19230769230769232,5,5
263,*/pˈulpə/,/pˈulpə/,0,0.0,0.0,5,5
264,*/ˈunɡurə/,/ˈunɡje/,3,0.6,0.8846153846153846,6,5
265,*/kˈarne/,/kˈarne/,0,0.0,0.0,5,5
266,*/mədˈuvə/,/mədˈuvə/,0,0.0,0.0,6,6
267,*/ˈos/,/ˈos/,0,0.0,0.0,2,2
268,*/pjˈele/,/pjˈele/,0,0.0,0.0,5,5
269,*/azj̊/,/awzˈi/,2,0.5,0.8076923076923077,3,4
270,*/askultˈa/,/askultˈa/,0,0.0,0.0,7,7
271,*/t͡ʃerkˈa/,/t͡ʃerkˈa/,0,0.0,0.0,5,5
272,*/ɡustˈa/,/ɡustˈa/,0,0.0,0.0,5,5
273,*/ɡˈust/,/ɡˈust/,0,0.0,0.0,4,4
274,*/sint͡sj̊/,/simt͡sˈi/,2,0.4,0.21153846153846154,5,5
275,*/edˈe/,/vede̯ˈa/,3,0.6,1.0961538461538463,3,5
276,*/sternutˈa/,/strənutˈa/,2,0.25,0.4807692307692308,8,8
277,*/suflˈa/,/suflˈa/,0,0.0,0.0,5,5
278,*/asudˈa/,/asudˈa/,0,0.0,0.0,5,5
279,*/kəkˈa/,/kəkˈa/,0,0.0,0.0,4,4
280,*/fˈəme/,/fo̯ˈame/,2,0.4,0.6538461538461539,4,5
281,*/inɡjut͡sj̊/,/ɨnɡit͡sˈi/,4,0.6666666666666666,0.7692307692307693,7,6
282,*/intˈind͡ʒe/,/ɨntˈind͡ʒe/,1,0.14285714285714285,0.038461538461538464,7,7
283,*/lˈaprimə/,/lˈakrimə/,1,0.14285714285714285,0.15384615384615385,7,7
284,*/mˈuk/,/mˈuk/,0,0.0,0.0,3,3
285,*/sətˈul/,/sətˈul/,0,0.0,0.0,5,5
286,*/səturˈa/,/səturˈa/,0,0.0,0.0,6,6
287,*/surbˈe/,/sorbˈi/,2,0.4,0.07692307692307693,5,5
288,*/sudo̯ˈare/,/sudo̯ˈare/,0,0.0,0.0,7,7
289,*/sˈud͡ʒe/,/sˈud͡ʒe/,0,0.0,0.0,4,4
290,*/kustˈa/,/kustˈa/,0,0.0,0.0,5,5
291,*/fɨstˈurə/,/fəptˈurə/,2,0.2857142857142857,0.25,7,7
292,*/fjˈe/,/fˈi/,2,1.0,0.4807692307692308,3,2
293,*/ləpədˈa/,/ləpədˈa/,0,0.0,0.0,6,6
294,*/nˈaʃt͡ʃe/,/nˈaʃte/,1,0.2,0.19230769230769232,5,5
295,*/ˈe/,/vˈiw/,3,1.0,1.3461538461538463,1,3
296,*/ˈie/,/vˈije/,2,0.5,0.8846153846153846,2,4
297,*/kɨsteɡˈa/,/kɨʃtiɡˈa/,2,0.2857142857142857,0.15384615384615385,7,7
298,*/krˈeʃt͡ʃe/,/krˈeʃte/,1,0.16666666666666666,0.19230769230769232,6,6
299,*/durmj̊/,/dormˈi/,2,0.4,0.15384615384615385,5,5
300,*/durmətˈa/,/dormitˈa/,2,0.2857142857142857,0.1346153846153846,7,7
301,*/mɨnˈe/,/mɨne̯ˈa/,2,0.4,0.38461538461538464,4,5
302,*/mɨnekˈa/,/mɨnekˈa/,0,0.0,0.0,6,6
303,*/rəpəsˈa/,/rəposˈa/,1,0.16666666666666666,0.1346153846153846,6,6
304,*/sˈomn/,/sˈomn/,0,0.0,0.0,4,4
305,*/ed͡ʒerˈa/,/veɡe̯ˈa/,4,0.8,1.1923076923076923,5,5
306,*/ˈis/,/vˈis/,1,0.3333333333333333,0.6923076923076923,2,3
307,*/skəldˈa/,/skəldˈa/,0,0.0,0.0,6,6
308,*/ləˈa/,/lˈa/,1,0.5,0.4230769230769231,3,2
309,*/pəɡˈɨn/,/pəɡˈɨn/,0,0.0,0.0,5,5
310,*/pstinˈa/,/pjeptənˈa/,4,0.5,1.25,6,8
311,*/spurkˈa/,/spurkˈa/,0,0.0,0.0,6,6
312,*/blˈand/,/blˈɨnd/,1,0.2,0.11538461538461539,5,5
313,*/blɨndˈeze/,/blɨndˈet͡se/,1,0.125,0.09615384615384616,8,8
314,*/kumetˈe/,/kumetˈa/,1,0.16666666666666666,0.038461538461538464,6,6
315,*/kˈompət/,/kˈumpət/,1,0.16666666666666666,0.038461538461538464,6,6
316,*/kutezˈa/,/kutezˈa/,0,0.0,0.0,6,6
317,*/durˈe/,/dure̯ˈa/,2,0.4,0.34615384615384615,4,5
318,*/dˈor/,/dˈor/,0,0.0,0.0,3,3
319,*/fe?1ˈit͡ʃe/,/ferˈit͡ʃe/,1,0.16666666666666666,0.038461538461538464,6,6
320,*/indurˈa/,/ɨndurˈa/,1,0.16666666666666666,0.038461538461538464,6,6
321,*/interətˈa/,/ɨntərɨtˈa/,3,0.375,0.15384615384615385,8,8
322,*/inetˈa/,/ɨnvitˈa/,3,0.5,0.6538461538461539,5,6
323,*/mˈar/,/mˈar/,0,0.0,0.0,3,3
324,*/mˈand͡ʒə/,/mɨnˈije/,4,0.6666666666666666,0.8076923076923077,5,6
325,*/mərˈa/,/mirˈa/,1,0.25,0.09615384615384616,4,4
326,*/meserˈere/,/meserˈere/,0,0.0,0.0,8,8
327,*/mustrˈa/,/mustrˈa/,0,0.0,0.0,6,6
328,*/pəkˈa/,/pəkˈa/,0,0.0,0.0,4,4
329,*/pəe̯netˈa/,/pənətˈa/,2,0.3333333333333333,0.4230769230769231,7,6
330,*/pət͡sj̊/,/pət͡sˈi/,1,0.25,0.11538461538461539,4,4
331,*/pəsˈa/,/pəsˈa/,0,0.0,0.0,4,4
332,*/peɡretˈa?1j̊/,/pred͡ʒetˈa/,5,0.7142857142857143,2.0576923076923075,9,7
333,*/plət͡ʃˈe/,/plət͡ʃe̯ˈa/,2,0.3333333333333333,0.4423076923076923,5,6
334,*/plɨnd͡ʒˈe/,/plɨnd͡ʒˈe/,0,0.0,0.0,6,6
335,*/rˈide/,/rˈɨde/,1,0.25,0.038461538461538464,4,4
336,*/rˈəs/,/rˈɨs/,1,0.3333333333333333,0.057692307692307696,3,3
337,*/sufe?1j̊/,/suferˈi/,2,0.3333333333333333,0.15384615384615385,6,6
338,*/supərˈa/,/supərˈa/,0,0.0,0.0,6,6
339,*/suspərˈa/,/suspinˈa/,2,0.2857142857142857,0.1346153846153846,7,7
340,*/timˈe/,/temˈe/,1,0.25,0.038461538461538464,4,4
341,*/timo̯ˈare/,/temo̯ˈare/,1,0.14285714285714285,0.038461538461538464,7,7
342,*/trimlˈa/,/tremurˈa/,3,0.42857142857142855,0.7884615384615384,6,7
343,*/t?1ˈist͡sj̊/,/trˈist/,3,0.6,0.75,6,5
344,*/turbˈa/,/turbˈa/,0,0.0,0.0,5,5
345,*/turburˈa/,/tulburˈa/,1,0.14285714285714285,0.038461538461538464,7,7
346,*/ertˈute/,/vɨrtˈute/,2,0.2857142857142857,0.7307692307692307,6,7
347,*/t͡ʃert͡ʃetˈa/,/t͡ʃert͡ʃetˈa/,0,0.0,0.0,7,7
348,*/kud͡ʒetˈa/,/kud͡ʒetˈa/,0,0.0,0.0,6,6
349,*/kuno̯ˈaʃt͡ʃe/,/kuno̯ˈaʃte/,1,0.125,0.19230769230769232,8,8
350,*/krˈede/,/krˈede/,0,0.0,0.0,5,5
351,*/intelesʒˈune/,/ɨnt͡selept͡ʃˈune/,4,0.36363636363636365,0.40384615384615385,11,11
352,*/intelˈept/,/ɨnt͡selˈept/,2,0.25,0.11538461538461539,8,8
353,*/intelˈed͡ʒe/,/ɨnt͡selˈed͡ʒe/,2,0.25,0.11538461538461539,8,8
354,*/ʒudekˈa/,/ʒudekˈa/,0,0.0,0.0,6,6
355,*/mˈinte/,/mˈinte/,0,0.0,0.0,5,5
356,*/mɨnʒˈune/,/mint͡ʃˈunə/,3,0.42857142857142855,0.19230769230769232,7,7
357,*/mint͡sˈi?1j̊/,/mint͡sˈi/,2,0.4,1.2307692307692308,7,5
358,*/pərˈe/,/pəre̯ˈa/,2,0.4,0.34615384615384615,4,5
359,*/pərt͡ʃˈepe/,/prit͡ʃˈepe/,2,0.2857142857142857,0.5192307692307693,7,7
360,*/ʃt͡ʃj̊/,/ʃtˈi/,2,0.6666666666666666,0.3076923076923077,3,3
361,*/sɨnetˈos/,/sənətˈos/,2,0.2857142857142857,0.11538461538461539,7,7
362,*/indekˈa/,/vindekˈa/,1,0.14285714285714285,0.6923076923076923,6,7
363,*/ertˈos/,/vɨrtˈos/,2,0.3333333333333333,0.7307692307692307,5,6
364,*/arˈand͡ʒə/,/rˈɨje/,5,1.25,1.6923076923076923,6,4
365,*/kˈae̯d͡ʒə/,/t͡ʃe̯ˈat͡sə/,4,0.8,0.6346153846153846,5,5
366,*/kət͡sˈel/,/kət͡sˈel/,0,0.0,0.0,5,5
367,*/kˈoʃj̊/,/kˈoʃ/,1,0.3333333333333333,0.5,4,3
368,*/t͡ʃˈimə/,/t͡ʃˈumə/,1,0.25,0.15384615384615385,4,4
369,*/dururˈos/,/dururˈos/,0,0.0,0.0,7,7
370,*/fjˈewre/,/fjˈor/,3,0.75,1.0384615384615385,6,4
371,*/f?1ˈiɡurə/,/frˈiɡurj/,2,0.2857142857142857,0.21153846153846154,7,7
372,*/d͡ʒˈime/,/d͡ʒˈeme/,1,0.25,0.038461538461538464,4,4
373,*/d͡ʒˈimət/,/d͡ʒe̯ˈamət/,2,0.3333333333333333,0.4423076923076923,5,6
374,*/ɡˈutə/,/ɡˈutə/,0,0.0,0.0,4,4
375,*/d͡ʒət͡ʃˈe/,/zət͡ʃe̯ˈa/,3,0.6,0.6153846153846154,4,5
376,*/d͡ʒət͡ʃˈe/,/d͡ʒət͡ʃe̯ˈa/,2,0.4,0.4423076923076923,4,5
377,*/ləe̯sʒunˈa/,/leʃinˈa/,5,0.8333333333333334,1.1153846153846154,8,6
378,*/lɨnd͡ʒˈesk/,/lɨnd͡ʒˈesk/,0,0.0,0.0,7,7
379,*/lˈand͡ʒed/,/lˈɨnt͡ʃed/,2,0.3333333333333333,0.15384615384615385,6,6
380,*/lɨnɡo̯ˈare/,/lɨnɡo̯ˈare/,0,0.0,0.0,8,8
381,*/mu?1ˈi?1j̊/,/murˈi/,3,0.75,1.2692307692307692,6,4
382,*/mo̯ˈarte/,/mo̯ˈarte/,0,0.0,0.0,6,6
383,*/mˈort/,/mˈort/,0,0.0,0.0,4,4
384,*/nˈae̯/,/nˈeɡ/,2,0.6666666666666666,0.3076923076923077,3,3
385,*/ut͡ʃˈide/,/ut͡ʃˈide/,0,0.0,0.0,5,5
386,*/pe?1j̊/,/pjerˈi/,3,0.6,0.6153846153846154,4,5
387,*/pet͡sˈid͡ʒine/,/pet͡ʃˈind͡ʒine/,2,0.2222222222222222,0.75,8,9
388,*/purˈonʒ/,/purˈoj/,2,0.4,0.8461538461538461,6,5
389,*/pustu?1e̯ˈawə/,/puʃke̯ˈa/,6,1.0,2.576923076923077,10,6
390,*/rəpˈune/,/rəpˈune/,0,0.0,0.0,6,6
391,*/tuʃj̊/,/tuʃˈi/,1,0.25,0.11538461538461539,4,4
392,*/tˈuʃj̊/,/tˈuse/,2,0.5,0.2692307692307692,4,4
393,*/mˈank/,/mˈɨnk/,1,0.25,0.11538461538461539,4,4
394,*/mˈut/,/mˈut/,0,0.0,0.0,3,3
395,*/ˈorb/,/ˈorb/,0,0.0,0.0,3,3
396,*/skjˈop/,/ʃkjˈop/,1,0.2,0.11538461538461539,5,5
397,*/skjupˈa/,/ʃkjopˈa/,2,0.3333333333333333,0.15384615384615385,6,6
398,*/sˈurd/,/sˈurd/,0,0.0,0.0,4,4
399,*/brˈakəe̯/,/brˈat͡ʃe/,3,0.6,0.7115384615384616,6,5
400,*/kəmˈasd͡ʒə/,/kəmˈaʃə/,2,0.3333333333333333,0.6730769230769231,7,6
401,*/ˈind͡ʒə/,/ˈije/,3,1.0,0.9615384615384616,4,3
402,*/mˈɨnekə/,/mˈɨnekə/,0,0.0,0.0,6,6
403,*/pəlʒo̯ˈarə/,/pəjo̯ˈarə/,2,0.2857142857142857,0.7115384615384616,8,7
404,*/sˈarekə/,/sˈarikə/,1,0.16666666666666666,0.038461538461538464,6,6
405,*/vstimˈɨnt/,/veʃmˈɨnt/,3,0.42857142857142855,0.9807692307692307,8,7
406,*/kəld͡ʒəmˈɨnt/,/kəlt͡səmˈɨnt/,1,0.1111111111111111,0.15384615384615385,9,9
407,*/əjˈel/,/inˈel/,2,0.5,0.36538461538461536,4,4
408,*/brɨsd͡ʒˈarə/,/brət͡sˈarə/,3,0.42857142857142855,0.6923076923076923,8,7
409,*/t͡ʃert͡ʃˈel/,/t͡ʃert͡ʃˈel/,0,0.0,0.0,6,6
410,*/kurˈunə/,/kunˈunə/,1,0.16666666666666666,0.038461538461538464,6,6
411,*/mərd͡ʒe̯ˈawə/,/mərd͡ʒe̯ˈa/,2,0.3333333333333333,1.0192307692307692,8,6
412,*/bˈalʒ/,/bˈalt͡s/,1,0.25,0.21153846153846154,4,4
413,*/brət͡ʃˈire/,/brət͡ʃˈire/,0,0.0,0.0,7,7
414,*/t͡ʃˈinɡurə/,/kˈinɡə/,3,0.6,1.4423076923076923,7,5
415,*/fˈasd͡ʒə/,/fˈaʃə/,2,0.5,0.6730769230769231,5,4
416,*/fəʃʃo̯ˈarə/,/fɨʃio̯ˈarə/,2,0.25,0.40384615384615385,8,8
417,*/fˈir/,/fˈir/,0,0.0,0.0,3,3
418,*/ɡˈim/,/ɡˈem/,1,0.3333333333333333,0.038461538461538464,3,3
419,*/leɡətˈurə/,/leɡətˈurə/,0,0.0,0.0,8,8
420,*/e̯ˈatə/,/bˈatə/,1,0.25,0.2692307692307692,4,4
421,*/kəld͡ʒˈa/,/kəlt͡sˈa/,1,0.2,0.15384615384615385,5,5
422,*/int͡ʃˈind͡ʒe/,/ɨnt͡ʃˈind͡ʒe/,1,0.14285714285714285,0.038461538461538464,7,7
423,*/kuswˈe/,/ko̯ˈase/,4,0.8,1.0384615384615385,5,5
424,*/dskˈulʒ/,/deskˈult͡s/,2,0.2857142857142857,0.9615384615384616,6,7
425,*/dskəld͡ʒˈa/,/deskəlt͡sˈa/,2,0.25,0.9038461538461539,7,8
426,*/dskuld͡ʒˈa/,/deskult͡sˈa/,2,0.25,0.9038461538461539,7,8
427,*/imbrəkˈa/,/ɨmbrəkˈa/,1,0.14285714285714285,0.038461538461538464,7,7
428,*/isurˈa/,/ɨnsurˈa/,2,0.3333333333333333,0.5,5,6
429,*/ifɨsʒurˈa/,/ɨnfəʃurˈa/,5,0.625,1.0192307692307692,8,8
430,*/inbst͡sj̊/,/ɨnveʃtˈi/,6,0.8571428571428571,1.0769230769230769,6,7
431,*/suwmetˈe/,/sumetˈe/,1,0.16666666666666666,0.3269230769230769,7,6
432,*/sufurekˈa/,/suflekˈa/,2,0.2857142857142857,0.8269230769230769,8,7
433,*/t͡ʃˈinə/,/t͡ʃˈinə/,0,0.0,0.0,4,4
434,*/prˈanʒ/,/prˈɨnz/,2,0.4,0.23076923076923078,5,5
435,*/bukˈatə/,/bukˈatə/,0,0.0,0.0,6,6
436,*/t͡ʃˈir/,/t͡ʃˈir/,0,0.0,0.0,3,3
437,*/frstˈurə/,/friptˈurə/,2,0.25,0.9230769230769231,7,8
438,*/lˈard/,/lˈard/,0,0.0,0.0,4,4
439,*/mˈurd͡ʒə/,/mo̯ˈare/,4,0.8,0.7307692307692307,5,5
440,*/merˈində/,/merˈinde/,1,0.14285714285714285,0.057692307692307696,7,7
441,*/pˈɨne/,/pˈɨjne/,1,0.2,0.38461538461538464,4,5
442,*/pəsˈat/,/pəsˈat/,0,0.0,0.0,5,5
443,*/plət͡ʃˈintə/,/plət͡ʃˈintə/,0,0.0,0.0,8,8
444,*/sˈare/,/sˈare/,0,0.0,0.0,4,4
445,*/sˈeɡ/,/sˈew/,1,0.3333333333333333,0.23076923076923078,3,3
446,*/to̯ˈartə/,/tˈurtə/,2,0.4,0.6923076923076923,6,5
447,*/ˈipt/,/vˈipt/,1,0.25,0.6923076923076923,3,4
448,*/zˈimə/,/ze̯ˈamə/,2,0.4,0.46153846153846156,4,5
449,*/mˈust/,/mˈust/,0,0.0,0.0,4,4
450,*/po̯ˈaskə/,/pˈuskə/,2,0.4,0.8076923076923077,6,5
451,*/inˈaz/,/vinˈat͡s/,2,0.4,0.7884615384615384,4,5
452,*/kupərtˈorʒ/,/kərpətˈor/,4,0.5,1.4807692307692308,9,8
453,*/ɡrətˈarʒ/,/ɡrətˈar/,1,0.16666666666666666,0.5384615384615384,7,6
454,*/lˈinɡurə/,/lˈinɡurə/,0,0.0,0.0,7,7
455,*/ˈas/,/vˈas/,1,0.3333333333333333,0.6923076923076923,2,3
456,*/bəte̯ˈaturə/,/bətˈəturə/,2,0.25,0.5384615384615384,9,8
457,*/kəp?1ˈor/,/kəpriˈor/,2,0.2857142857142857,0.6153846153846154,6,7
458,*/kˈasə/,/kˈasə/,0,0.0,0.0,4,4
459,*/t͡ʃelˈarʒ/,/t͡ʃelˈar/,1,0.2,0.5384615384615384,6,5
460,*/ko̯ˈarte/,/kˈurte/,2,0.4,0.6923076923076923,6,5
461,*/kuperimˈɨnt/,/koperəmˈɨnt/,2,0.2,0.1346153846153846,10,10
462,*/krˈat͡sj̊/,/ɡrˈatje/,4,0.6666666666666666,0.5384615384615384,5,6
463,*/kˈulme/,/kˈulme/,0,0.0,0.0,5,5
464,*/fəjˈastrə/,/fere̯ˈastrə/,3,0.3333333333333333,0.5576923076923077,8,9
465,*/funtˈɨnə/,/fɨntˈɨnə/,1,0.14285714285714285,0.11538461538461539,7,7
466,*/uʃʃˈor/,/uʃˈor/,1,0.25,0.46153846153846156,5,4
467,*/ˈosʒ/,/ˈuʃə/,3,1.0,0.4423076923076923,3,3
468,*/po̯ˈartə/,/po̯ˈartə/,0,0.0,0.0,6,6
469,*/pˈuz/,/pˈut͡s/,1,0.3333333333333333,0.09615384615384616,3,3
470,*/skˈarə/,/skˈarə/,0,0.0,0.0,5,5
471,*/stˈer/,/stˈur/,1,0.25,0.19230769230769232,4,4
472,*/tˈində/,/tˈində/,0,0.0,0.0,5,5
473,*/tetˈinə/,/t͡sɨt͡sˈɨnə/,4,0.6666666666666666,0.2692307692307692,6,6
474,*/trəd͡ʒe̯ˈaptə/,/tre̯ˈaptə/,2,0.2857142857142857,1.0961538461538463,9,7
475,*/armˈarʒ/,/armˈar/,1,0.2,0.5384615384615384,6,5
476,*/kəpətˈanʒ/,/kəpətˈɨj/,3,0.42857142857142855,0.9230769230769231,8,7
477,*/pˈat/,/pˈat/,0,0.0,0.0,3,3
478,*/sko̯ˈard͡ʒə/,/sko̯ˈart͡sə/,1,0.14285714285714285,0.15384615384615385,7,7
479,*/strˈat/,/strˈat/,0,0.0,0.0,5,5
480,*/ˈəmətə/,/mˈət/,3,1.0,1.1538461538461537,5,3
481,*/fˈilʒ/,/fˈiw/,2,0.6666666666666666,0.9230769230769231,4,3
482,*/fˈild͡ʒə/,/fˈije/,3,0.75,0.9615384615384616,5,4
483,*/frˈatre/,/frˈate/,1,0.2,0.40384615384615385,6,5
484,*/d͡ʒˈimn/,/d͡ʒe̯ˈamən/,3,0.5,0.9230769230769231,4,6
485,*/mˈəmə/,/mˈumə/,1,0.25,0.17307692307692307,4,4
486,*/nepo̯ˈate/,/nepˈot/,3,0.6,1.4423076923076923,7,5
487,*/nepo̯ˈatə/,/nepo̯ˈatə/,0,0.0,0.0,7,7
488,*/pˈap/,/pˈap/,0,0.0,0.0,3,3
489,*/sˈor/,/sˈor/,0,0.0,0.0,3,3
490,*/tˈatə/,/tˈatə/,0,0.0,0.0,4,4
491,*/ˈer/,/vˈər/,2,0.6666666666666666,0.6538461538461539,2,3
492,*/bərbˈat/,/bərbˈat/,0,0.0,0.0,6,6
493,*/kusˈoprw̍/,/kˈuskru/,4,0.6666666666666666,1.1153846153846154,7,6
494,*/fəld͡ʒˈastrw̍/,/fjˈastru/,4,0.5714285714285714,1.4038461538461537,9,7
495,*/d͡ʒˈiner/,/d͡ʒˈinere/,1,0.16666666666666666,0.5384615384615384,5,6
496,*/ˈum/,/ˈom/,1,0.5,0.038461538461538464,2,2
497,*/mə?1ˈit/,/mərˈit/,1,0.2,0.038461538461538464,5,5
498,*/nˈur/,/nˈor/,1,0.3333333333333333,0.038461538461538464,3,3
499,*/sˈoprw̍/,/sˈokru/,2,0.4,0.19230769230769232,5,5
500,*/so̯ˈazə/,/so̯ˈat͡sə/,1,0.2,0.09615384615384616,5,5
501,*/sˈoz/,/sˈot͡s/,1,0.3333333333333333,0.09615384615384616,3,3
502,*/spˈurʒ/,/spˈur/,1,0.25,0.5384615384615384,5,4
503,*/fəld͡ʒˈɨn/,/fˈin/,4,1.3333333333333333,1.8269230769230769,6,3
504,*/nˈon/,/nˈun/,1,0.3333333333333333,0.038461538461538464,3,3
505,*/o̯ˈarpɨn/,/o̯ˈarfən/,2,0.3333333333333333,0.15384615384615385,6,6
506,*/ˈed/,/vˈəduv/,4,0.8,2.1923076923076925,2,5
507,*/kurunˈa/,/kununˈa/,1,0.16666666666666666,0.038461538461538464,6,6
508,*/kredˈind͡ʒə/,/kredˈint͡sə/,1,0.125,0.15384615384615385,8,8
509,*/ze̯ˈastrəe̯/,/zˈestre/,4,0.6666666666666666,0.8461538461538461,8,6
510,*/uspˈəz/,/ospˈət͡s/,2,0.4,0.1346153846153846,5,5
511,*/inusurˈa/,/ɨnsurˈa/,2,0.3333333333333333,0.9615384615384616,7,6
512,*/ləsˈa/,/ləsˈa/,0,0.0,0.0,4,4
513,*/məretˈa/,/məritˈa/,1,0.16666666666666666,0.038461538461538464,6,6
514,*/nˈupd͡ʒəe̯/,/nˈunt͡si/,4,0.8,0.9230769230769231,6,5
515,*/pet͡sj̊/,/pet͡sˈi/,1,0.25,0.11538461538461539,4,4
516,*/lˈume/,/lˈume/,0,0.0,0.0,4,4
517,*/kˈae̯r/,/t͡ʃˈer/,3,1.0,0.5961538461538461,4,3
518,*/t͡ʃˈert͡ʃin/,/t͡ʃe̯ˈarkən/,4,0.5714285714285714,0.7884615384615384,6,7
519,*/skəpətˈa/,/skəpətˈa/,0,0.0,0.0,7,7
520,*/lut͡ʃe̯ˈafər/,/lut͡ʃe̯ˈafər/,0,0.0,0.0,8,8
521,*/lˈunə/,/lˈunə/,0,0.0,0.0,4,4
522,*/rəsə?1j̊/,/rəsərˈi/,2,0.3333333333333333,0.15384615384615385,6,6
523,*/so̯ˈare/,/so̯ˈare/,0,0.0,0.0,5,5
524,*/ˈajre/,/ˈajer/,2,0.5,0.5384615384615384,4,4
525,*/ˈawrə/,/ˈawrə/,0,0.0,0.0,4,4
526,*/ˈastrw̍/,/ˈawstru/,2,0.3333333333333333,0.7692307692307693,5,6
527,*/brˈumə/,/brˈumə/,0,0.0,0.0,5,5
528,*/f?1ˈiɡ/,/frˈiɡ/,1,0.25,0.038461538461538464,4,4
529,*/d͡ʒˈer/,/d͡ʒˈer/,0,0.0,0.0,3,3
530,*/ɡrˈandine/,/ɡrˈindinə/,2,0.25,0.1346153846153846,8,8
531,*/nˈuer/,/nˈor/,2,0.6666666666666666,0.5769230769230769,4,3
532,*/nˈind͡ʒe/,/nˈind͡ʒe/,0,0.0,0.0,5,5
533,*/nˈee/,/ne̯ˈa/,2,0.6666666666666666,0.19230769230769232,3,3
534,*/plo̯ˈae/,/plowˈa/,3,0.6,0.5,5,5
535,*/pluˈa/,/plowˈa/,2,0.4,0.46153846153846156,4,5
536,*/ple̯ˈa/,/plo̯ˈaje/,3,0.5,0.8076923076923077,4,6
537,*/ro̯ˈae/,/rˈowə/,3,0.75,0.4423076923076923,4,4
538,*/ʃˈarin/,/sˈenin/,3,0.6,0.19230769230769232,5,5
539,*/sˈet͡ʃetə/,/sˈet͡ʃetə/,0,0.0,0.0,6,6
540,*/tunˈa/,/tunˈa/,0,0.0,0.0,4,4
541,*/ˈint/,/vˈɨnt/,2,0.5,0.6923076923076923,3,4
542,*/dˈatə/,/dˈatə/,0,0.0,0.0,4,4
543,*/o̯ˈarə/,/o̯ˈarə/,0,0.0,0.0,4,4
544,*/ˈalbə/,/ˈalba/,1,0.25,0.09615384615384616,4,4
545,*/d͡ʒˈe/,/zˈi/,2,1.0,0.21153846153846154,2,2
546,*/o̯ˈaze/,/ˈazj/,2,0.6666666666666666,0.7307692307692307,4,3
547,*/jˈe?1j̊/,/jˈerj/,2,0.5,0.07692307692307693,4,4
548,*/mˈɨne/,/mˈɨjne/,1,0.2,0.38461538461538464,4,5
549,*/me?1ˈize/,/mˈerizə/,4,0.6666666666666666,0.25,6,6
550,*/no̯ˈapte/,/no̯ˈapte/,0,0.0,0.0,6,6
551,*/ʃˈarə/,/se̯ˈarə/,2,0.4,0.5384615384615384,4,5
552,*/dumnekə/,/dumˈinikə/,2,0.25,0.7115384615384616,7,8
553,*/mˈart͡sj̊/,/mˈart͡sj/,1,0.2,0.038461538461538464,5,5
554,*/sˈambət/,/sˈɨmbətə/,2,0.2857142857142857,0.6730769230769231,6,7
555,*/septimˈɨnə/,/səptəmˈɨnə/,2,0.2222222222222222,0.15384615384615385,9,9
556,*/ˈine?1j̊/,/vˈinerj/,3,0.5,0.7692307692307693,5,6
557,*/ɑp?1ˈire/,/prjˈer/,5,1.0,1.3846153846153846,6,5
558,*/aɡˈust/,/aɡˈust/,0,0.0,0.0,5,5
559,*/kərindˈɑrʒ/,/kərindˈar/,2,0.25,0.6153846153846154,9,8
560,*/mje/,/mˈaj/,2,0.6666666666666666,0.2692307692307692,3,3
561,*/mˈarʒ/,/mˈart͡s/,1,0.25,0.21153846153846154,4,4
562,*/mˈase/,/mˈes/,2,0.6666666666666666,0.6923076923076923,4,3
563,*/atˈumnə/,/to̯ˈamnə/,3,0.5,1.0769230769230769,6,6
564,*/ejˈernə/,/jˈarnə/,2,0.4,0.38461538461538464,6,5
565,*/e̯ˈarə/,/vˈarə/,1,0.25,0.25,4,4
566,*/pəimˈɨnt/,/pəmˈɨnt/,1,0.16666666666666666,0.4230769230769231,7,6
567,*/ɑrˈinə/,/arˈinə/,1,0.2,0.07692307692307693,5,5
568,*/lˈut/,/lˈut/,0,0.0,0.0,3,3
569,*/pjˈatrə/,/pjˈatrə/,0,0.0,0.0,6,6
570,*/pˈurere/,/pˈulbere/,2,0.2857142857142857,0.6153846153846154,6,7
571,*/ʃˈes/,/ʃˈes/,0,0.0,0.0,3,3
572,*/kərbˈune/,/kərbˈune/,0,0.0,0.0,7,7
573,*/mˈarmrw̍/,/mˈarmurə/,2,0.2857142857142857,0.9230769230769231,6,7
574,*/ˈawr/,/ˈawr/,0,0.0,0.0,3,3
575,*/plˈumb/,/plˈumb/,0,0.0,0.0,5,5
576,*/kre̯ˈastə/,/kre̯ˈastə/,0,0.0,0.0,7,7
577,*/ɡrˈum/,/ɡrˈum/,0,0.0,0.0,4,4
578,*/muntet͡ʃˈel/,/munt͡ʃˈel/,2,0.3333333333333333,1.3461538461538463,8,6
579,*/rˈipə/,/rˈɨpə/,1,0.25,0.038461538461538464,4,4
580,*/skˈarə/,/skˈarə/,0,0.0,0.0,5,5
581,*/ˈale/,/vˈale/,1,0.25,0.6923076923076923,3,4
582,*/ˈalbʒ/,/ˈalbie/,2,0.4,0.6153846153846154,4,5
583,*/kˈurə/,/kˈure/,1,0.25,0.057692307692307696,4,4
584,*/sukˈa/,/uskˈa/,2,0.5,1.0,4,4
585,*/fˈund/,/fˈund/,0,0.0,0.0,4,4
586,*/lˈak/,/lˈak/,0,0.0,0.0,3,3
587,*/mˈare/,/mˈare/,0,0.0,0.0,4,4
588,*/mˈard͡ʒine/,/mˈard͡ʒine/,0,0.0,0.0,7,7
589,*/rəsˈa/,/revərsˈa/,3,0.42857142857142855,1.4615384615384615,4,7
590,*/sekˈa/,/sˈeka/,2,0.5,0.15384615384615385,4,4
591,*/sˈek/,/sˈek/,0,0.0,0.0,3,3
592,*/ˈundə/,/ˈundə/,0,0.0,0.0,4,4
593,*/ˈad/,/vˈad/,1,0.3333333333333333,0.6923076923076923,2,3
594,*/t͡ʃˈep/,/t͡ʃˈep/,0,0.0,0.0,3,3
595,*/flo̯ˈare/,/flo̯ˈare/,0,0.0,0.0,6,6
596,*/fo̯ˈald͡ʒə/,/fo̯ˈaje/,3,0.6,0.9615384615384616,6,5
597,*/fˈolʒ/,/fˈoj/,2,0.6666666666666666,0.8461538461538461,4,3
598,*/frˈond͡ʒə/,/frˈunzə/,2,0.3333333333333333,0.21153846153846154,6,6
599,*/nujˈawə/,/nujˈa/,2,0.5,1.0192307692307692,6,4
600,*/pˈald͡ʒə/,/pˈaje/,3,0.75,0.9615384615384616,5,4
601,*/pˈumə/,/po̯ˈamə/,2,0.4,0.7115384615384616,4,5
602,*/rədet͡ʃˈinə/,/rədət͡ʃˈinə/,1,0.125,0.057692307692307696,8,8
603,*/rˈəm/,/rˈam/,1,0.3333333333333333,0.09615384615384616,3,3
604,*/rəʃˈinə/,/rəʃˈinə/,0,0.0,0.0,6,6
605,*/simˈɨnd͡ʒə/,/səmˈɨnt͡sə/,2,0.2857142857142857,0.25,7,7
606,*/spˈin/,/spˈin/,0,0.0,0.0,4,4
607,*/e̯ˈarɡə/,/vˈarɡə/,1,0.2,0.25,5,5
608,*/ˈarbure/,/ˈarbore/,1,0.16666666666666666,0.038461538461538464,6,6
609,*/kˈarpɨn/,/kˈarpen/,1,0.16666666666666666,0.07692307692307693,6,6
610,*/fˈaɡ/,/fˈaɡ/,0,0.0,0.0,3,3
611,*/frˈapsin/,/frˈasin/,1,0.16666666666666666,0.6153846153846154,7,6
612,*/ʒune̯ˈapər/,/ʒne̯ˈapən/,2,0.2857142857142857,0.9230769230769231,8,7
613,*/mɨstˈet͡ʃin/,/meste̯ˈakən/,5,0.5555555555555556,0.9038461538461539,8,9
614,*/pədˈure/,/pədˈure/,0,0.0,0.0,6,6
615,*/pˈin/,/pˈin/,0,0.0,0.0,3,3
616,*/plˈatɨn/,/pˈaltin/,3,0.5,0.7307692307692307,6,6
617,*/tˈelʒ/,/tˈej/,2,0.6666666666666666,0.7692307692307693,4,3
618,*/ˈulm/,/ˈulm/,0,0.0,0.0,3,3
619,*/t͡ʃe̯ˈarəs/,/t͡ʃirˈeʃ/,4,0.8,0.7884615384615384,6,5
620,*/t͡ʃedˈond͡ʒə/,/ɡutˈəje/,7,1.1666666666666667,1.6153846153846154,7,6
621,*/kutˈonʒ/,/ɡutˈuj/,4,0.8,0.9230769230769231,6,5
622,*/mˈər/,/mˈər/,0,0.0,0.0,3,3
623,*/nˈut͡ʃe/,/nˈuk/,2,0.6666666666666666,0.8846153846153846,4,3
624,*/pjˈesek/,/pjˈersek/,1,0.14285714285714285,0.38461538461538464,6,7
625,*/pˈər/,/pˈər/,0,0.0,0.0,3,3
626,*/pˈum/,/pˈom/,1,0.3333333333333333,0.038461538461538464,3,3
627,*/pˈumə/,/po̯ˈamə/,2,0.4,0.7115384615384616,4,5
628,*/prˈun/,/prˈun/,0,0.0,0.0,4,4
629,*/kˈorn/,/kˈorn/,0,0.0,0.0,4,4
630,*/mˈor/,/mˈur/,1,0.3333333333333333,0.038461538461538464,3,3
631,*/pərˈumbə/,/porˈumbə/,1,0.14285714285714285,0.1346153846153846,7,7
632,*/aˈua/,/aˈuə/,1,0.3333333333333333,0.09615384615384616,3,3
633,*/ˈizə/,/vˈit͡sə/,2,0.5,0.7884615384615384,3,4
634,*/jˈederə/,/jˈederə/,0,0.0,0.0,6,6
635,*/ləwrˈuskə/,/ləwrˈuskə/,0,0.0,0.0,8,8
636,*/səˈuk/,/sˈok/,2,0.6666666666666666,0.6153846153846154,4,3
637,*/sˈorb/,/sˈorb/,0,0.0,0.0,4,4
638,*/tˈufə/,/tˈufə/,0,0.0,0.0,4,4
639,*/ɡrˈɨn/,/ɡrˈɨw/,1,0.25,0.34615384615384615,4,4
640,*/ˈorʒ/,/ˈorz/,1,0.3333333333333333,0.11538461538461539,3,3
641,*/mˈəlʒ/,/mˈej/,3,1.0,0.7692307692307693,4,3
642,*/sekˈare/,/sekˈarə/,1,0.16666666666666666,0.057692307692307696,6,6
643,*/ˈalʒ/,/ˈaj/,2,1.0,0.8076923076923077,3,2
644,*/kəwrˈekur/,/kurˈekj/,4,0.6666666666666666,1.5769230769230769,8,6
645,*/kukˈurbətə/,/kurkubˈetə/,4,0.4444444444444444,1.1730769230769231,9,9
646,*/lɨstˈukə/,/ləptˈukə/,2,0.2857142857142857,0.25,7,7
647,*/leɡˈume/,/leɡˈumə/,1,0.16666666666666666,0.057692307692307696,6,6
648,*/lˈinte/,/lˈinte/,0,0.0,0.0,5,5
649,*/nˈap/,/nˈap/,0,0.0,0.0,3,3
650,*/pjˈepine/,/pˈepene/,2,0.3333333333333333,0.5,7,6
651,*/pˈor/,/pˈur/,1,0.3333333333333333,0.038461538461538464,3,3
652,*/rəzˈikurə/,/ridˈike/,5,0.8333333333333334,1.4038461538461537,8,6
653,*/fˈɨn/,/fˈɨn/,0,0.0,0.0,3,3
654,*/jˈarbə/,/jˈarbə/,0,0.0,0.0,5,5
655,*/trefˈolʒ/,/trifˈoj/,3,0.5,0.8846153846153846,7,6
656,*/kˈanəp/,/kˈɨnepə/,3,0.5,0.7115384615384616,5,6
657,*/kˈanəpə/,/kˈɨnepə/,2,0.3333333333333333,0.17307692307692307,6,6
658,*/ˈin/,/ˈin/,0,0.0,0.0,2,2
659,*/aw?1ˈor/,/aliˈor/,2,0.4,0.6923076923076923,5,5
660,*/kˈalt͡ʃe/,/kˈalt͡ʃe/,0,0.0,0.0,5,5
661,*/fˈaret͡ʃe/,/fˈeret͡ʃe/,1,0.16666666666666666,0.038461538461538464,6,6
662,*/frˈaɡ/,/frˈaɡə/,1,0.2,0.5,4,5
663,*/frˈaɡ/,/frˈaɡ/,0,0.0,0.0,4,4
664,*/lˈawr/,/lˈawr/,0,0.0,0.0,4,4
665,*/mˈarə/,/nˈalbə/,3,0.6,0.6538461538461539,4,5
666,*/mˈɨntə/,/mˈintə/,1,0.2,0.038461538461538464,5,5
667,*/pˈapər/,/pˈapurə/,2,0.3333333333333333,0.5961538461538461,5,6
668,*/plɨntˈad͡ʒine/,/pətlˈad͡ʒinə/,5,0.5555555555555556,1.0384615384615385,10,9
669,*/urt͡sˈikə/,/urzˈikə/,1,0.16666666666666666,0.09615384615384616,6,6
670,*/jo̯ˈarə/,/vio̯ˈarə/,2,0.3333333333333333,0.7692307692307693,5,6
671,*/burˈete/,/burˈete/,0,0.0,0.0,6,6
672,*/e̯ˈaskə/,/jˈaskə/,1,0.2,0.038461538461538464,5,5
673,*/anmˈald͡ʒə/,/nəmˈaje/,5,0.8333333333333334,1.5576923076923077,7,6
674,*/dumjˈestek/,/dumˈestik/,2,0.25,0.40384615384615385,9,8
675,*/serˈatek/,/səlbˈatik/,4,0.5,0.75,7,8
676,*/ˈitə/,/vˈitə/,1,0.25,0.6923076923076923,3,4
677,*/brˈankə/,/brˈɨnkə/,1,0.16666666666666666,0.11538461538461539,6,6
678,*/ko̯ˈadə/,/ko̯ˈadə/,0,0.0,0.0,5,5
679,*/kˈumə/,/ko̯ˈamə/,2,0.4,0.7115384615384616,4,5
680,*/depˈune/,/depˈune/,0,0.0,0.0,6,6
681,*/sterpˈe/,/stɨrpˈi/,2,0.3333333333333333,0.11538461538461539,6,6
682,*/stˈerp/,/stˈerp/,0,0.0,0.0,5,5
683,*/fətˈa/,/fətˈa/,0,0.0,0.0,4,4
684,*/inkəalekˈa/,/ɨnkəlekˈa/,2,0.25,0.4807692307692308,9,8
685,*/lˈapte/,/lˈapte/,0,0.0,0.0,5,5
686,*/mˈurə/,/mˈurə/,0,0.0,0.0,4,4
687,*/pˈalʒ/,/pˈaj/,2,0.6666666666666666,0.8076923076923077,4,3
688,*/pˈantet͡ʃe/,/pˈɨntet͡ʃe/,1,0.14285714285714285,0.11538461538461539,7,7
689,*/ruməɡˈa/,/rumeɡˈa/,1,0.16666666666666666,0.057692307692307696,6,6
690,*/lətrˈa/,/lətrˈa/,0,0.0,0.0,5,5
691,*/musekˈa/,/mursekˈa/,1,0.14285714285714285,0.5,6,7
692,*/mud͡ʒj̊/,/mud͡ʒˈi/,1,0.25,0.11538461538461539,4,4
693,*/rˈad͡ʒe/,/rˈad͡ʒe/,0,0.0,0.0,4,4
694,*/runt͡ʃezˈa/,/rɨnkezˈa/,2,0.2857142857142857,0.36538461538461536,7,7
695,*/rɨmˈa/,/rɨmˈa/,0,0.0,0.0,4,4
696,*/armsˈarʒ/,/arməsˈar/,2,0.2857142857142857,1.0961538461538463,7,7
697,*/anjˈel/,/mjˈel/,2,0.5,0.75,5,4
698,*/ano̯ˈatin/,/no̯ˈaten/,2,0.3333333333333333,0.6923076923076923,7,6
699,*/arete/,/arˈete/,1,0.2,0.07692307692307693,5,5
700,*/ˈasin/,/ˈasin/,0,0.0,0.0,4,4
701,*/bˈo/,/bˈow/,1,0.3333333333333333,0.5,2,3
702,*/kəˈal/,/kˈal/,1,0.3333333333333333,0.5,4,3
703,*/kˈɨne/,/kˈɨjne/,1,0.2,0.38461538461538464,4,5
704,*/kˈaprə/,/kˈaprə/,0,0.0,0.0,5,5
705,*/kəp?1ˈinə/,/kəprˈinə/,1,0.14285714285714285,0.038461538461538464,7,7
706,*/kət͡sˈawə/,/kət͡se̯ˈa/,3,0.6,0.8461538461538461,6,5
707,*/ko̯ˈat͡ʃin/,/ko̯ˈat͡ʃin/,0,0.0,0.0,6,6
708,*/kurnˈut/,/kornˈut/,1,0.16666666666666666,0.038461538461538464,6,6
709,*/jˈapə/,/jˈapə/,0,0.0,0.0,4,4
710,*/ˈae̯d/,/jˈed/,2,0.6666666666666666,0.23076923076923078,3,3
711,*/ʒuˈit͡ʃe/,/ʒunˈit͡ʃe/,1,0.16666666666666666,0.7692307692307693,5,6
712,*/ʒuˈink/,/ʒˈunk/,2,0.5,0.6538461538461539,5,4
713,*/ʒuˈinkə/,/ʒˈunkə/,2,0.4,0.6538461538461539,6,5
714,*/mˈuskur/,/mˈuskur/,0,0.0,0.0,6,6
715,*/uˈinə/,/ˈojnə/,2,0.5,0.19230769230769232,4,4
716,*/o̯ˈae/,/o̯ˈaje/,1,0.25,0.2692307692307692,3,4
717,*/pet͡ʃˈinə/,/pəkˈujnə/,4,0.5714285714285714,0.9615384615384616,6,7
718,*/pˈork/,/pˈork/,0,0.0,0.0,4,4
719,*/purt͡ʃˈel/,/purt͡ʃˈel/,0,0.0,0.0,6,6
720,*/purt͡ʃe̯ˈawə/,/purt͡ʃe̯ˈa/,2,0.3333333333333333,1.0192307692307692,8,6
721,*/purt͡ʃˈinə/,/purt͡ʃˈinə/,0,0.0,0.0,7,7
722,*/rˈuz/,/rˈojb/,3,0.75,0.8076923076923077,3,4
723,*/skro̯ˈafə/,/skro̯ˈafə/,0,0.0,0.0,7,7
724,*/tˈawr/,/tˈawr/,0,0.0,0.0,4,4
725,*/terd͡ʒˈɨn/,/tert͡sˈɨn/,1,0.16666666666666666,0.15384615384615385,6,6
726,*/t͡sˈerʒ/,/tert͡sˈiw/,5,0.8333333333333334,1.6923076923076923,4,6
727,*/tert͡sˈi/,/tert͡sˈiw/,1,0.16666666666666666,0.6153846153846154,5,6
728,*/ˈakə/,/vˈakə/,1,0.25,0.6923076923076923,3,4
729,*/jˈarə/,/vjˈer/,3,0.75,0.9230769230769231,4,4
730,*/bərbˈat͡ʃe/,/berbˈet͡ʃe/,2,0.2857142857142857,0.09615384615384616,7,7
731,*/et͡sˈawə/,/vit͡se̯ˈa/,5,1.0,1.5769230769230769,5,5
732,*/et͡sˈel/,/vit͡sˈel/,2,0.4,0.7307692307692307,4,5
733,*/etˈulʒ/,/vətˈuj/,4,0.8,1.5,5,5
734,*/etˈuld͡ʒə/,/vətˈuje/,5,0.8333333333333334,1.6153846153846154,6,6
735,*/bˈuar/,/bˈowr/,2,0.5,0.34615384615384615,4,4
736,*/t͡ʃˈer/,/t͡ʃˈerb/,1,0.25,0.4230769230769231,3,4
737,*/jˈapure/,/jˈepure/,1,0.16666666666666666,0.038461538461538464,6,6
738,*/lˈup/,/lˈup/,0,0.0,0.0,3,3
739,*/mst͡sˈiz/,/mistrˈet͡s/,5,0.7142857142857143,1.25,5,7
740,*/so̯ˈaret͡ʃe/,/ʃo̯ˈaret͡ʃe/,1,0.14285714285714285,0.11538461538461539,7,7
741,*/ˈus/,/ˈurs/,1,0.3333333333333333,0.5,2,3
742,*/ˈulpe/,/vˈulpe/,1,0.2,0.6923076923076923,4,5
743,*/ˈarəpə/,/ˈaripə/,1,0.2,0.09615384615384616,5,5
744,*/krstˈat/,/krestˈat/,1,0.14285714285714285,0.6538461538461539,6,7
745,*/kˈuz/,/kˈujb/,2,0.5,0.7307692307692307,3,4
746,*/surˈa/,/zburˈa/,2,0.4,0.6153846153846154,4,5
747,*/pˈasere/,/pˈasəre/,1,0.16666666666666666,0.057692307692307696,6,6
748,*/pˈɨnə/,/pˈanə/,1,0.25,0.11538461538461539,4,4
749,*/pˈɨnurə/,/pˈənurə/,1,0.16666666666666666,0.057692307692307696,6,6
750,*/pˈuvə/,/pˈulə/,1,0.25,0.21153846153846154,4,4
751,*/pˈulʒ/,/pˈuj/,2,0.6666666666666666,0.8461538461538461,4,3
752,*/kəpˈune/,/kəpˈun/,1,0.2,0.5769230769230769,6,5
753,*/ɡəˈinə/,/ɡəˈinə/,0,0.0,0.0,5,5
754,*/ˈat͡ʃerə/,/ˈat͡ʃirə/,1,0.2,0.038461538461538464,5,5
755,*/kˈuk/,/kˈuk/,0,0.0,0.0,3,3
756,*/drepəjˈawə/,/drepne̯ˈa/,4,0.5714285714285714,1.3076923076923077,9,7
757,*/d͡ʒe̯ˈa/,/ɡˈaje/,4,1.0,0.75,3,4
758,*/ɡˈalɡur/,/ɡrˈanɡur/,2,0.2857142857142857,0.6538461538461539,6,7
759,*/ɡrˈar/,/ɡrˈawr/,1,0.2,0.6153846153846154,4,5
760,*/ɡrwˈe/,/ɡrˈuj/,2,0.5,0.19230769230769232,4,4
761,*/erundijˈawə/,/rɨndune̯ˈa/,7,0.875,1.75,10,8
762,*/mjˈarlə/,/mjˈerlə/,1,0.16666666666666666,0.038461538461538464,6,6
763,*/pərˈumb/,/porˈumb/,1,0.16666666666666666,0.1346153846153846,6,6
764,*/pəturˈikurə/,/poturnˈike/,5,0.5555555555555556,1.7307692307692308,10,9
765,*/pered͡ʒerəto̯ˈard͡ʒə/,/priviɡeto̯ˈare/,8,0.6666666666666666,1.9423076923076923,14,12
766,*/pered͡ʒerˈa/,/priveɡe̯ˈa/,5,0.625,1.5769230769230769,8,8
767,*/stre̯ˈaɡə/,/strˈiɡə/,2,0.3333333333333333,0.38461538461538464,7,6
768,*/stˈurʒ/,/stˈurz/,1,0.2,0.11538461538461539,5,5
769,*/tˈurture/,/tˈurturə/,1,0.14285714285714285,0.057692307692307696,7,7
770,*/turtu?1e̯ˈawə/,/turture̯ˈa/,3,0.375,1.0576923076923077,10,8
771,*/upˈupəzə/,/pˈupəzə/,1,0.16666666666666666,0.8076923076923077,7,6
772,*/ˈulture/,/vˈultur/,2,0.3333333333333333,1.2307692307692308,6,6
773,*/lˈapt͡sj̊/,/lˈapt͡sj/,1,0.2,0.038461538461538464,5,5
774,*/pskˈarʒ/,/pəskˈar/,2,0.3333333333333333,1.1923076923076923,6,6
775,*/bro̯ˈaskə/,/bro̯ˈaskə/,0,0.0,0.0,7,7
776,*/ʃˈarpe/,/ʃˈarpe/,0,0.0,0.0,5,5
777,*/serpˈɨnd͡ʒə/,/ʃerpˈɨnt͡sə/,2,0.25,0.2692307692307692,8,8
778,*/ˈipərə/,/vˈiperə/,2,0.3333333333333333,0.75,5,6
779,*/kˈarʒ/,/kˈar/,1,0.3333333333333333,0.5384615384615384,4,3
780,*/kəˈune/,/ɡəˈun/,2,0.5,0.6153846153846154,5,4
781,*/t͡ʃˈimet͡ʃe/,/t͡ʃˈint͡ʃe/,2,0.4,0.75,6,5
782,*/furmˈikə/,/furnˈikə/,1,0.14285714285714285,0.09615384615384616,7,7
783,*/ɡrejˈor/,/ɡrˈejer/,2,0.3333333333333333,0.3076923076923077,6,6
784,*/ləkˈustə/,/ləkˈustə/,0,0.0,0.0,7,7
785,*/lˈindine/,/lˈindinə/,1,0.14285714285714285,0.057692307692307696,7,7
786,*/lumb?1ˈik/,/limbrˈik/,2,0.2857142857142857,0.19230769230769232,7,7
787,*/mˈuskə/,/mˈuskə/,0,0.0,0.0,5,5
788,*/ue̯strˈekur/,/strˈeke/,4,0.6666666666666666,2.1153846153846154,9,6
789,*/pədˈukur/,/pədˈuke/,2,0.3333333333333333,0.8846153846153846,7,6
790,*/pˈuret͡ʃe/,/pˈurit͡ʃe/,1,0.16666666666666666,0.038461538461538464,6,6
791,*/təˈune/,/təˈun/,1,0.25,0.5769230769230769,5,4
792,*/jˈerme/,/vjˈerme/,1,0.16666666666666666,0.6153846153846154,5,6
793,*/jˈaspə/,/vjˈespe/,3,0.5,0.7115384615384616,5,6
794,*/skˈurt/,/skˈurt/,0,0.0,0.0,5,5
795,*/kˈurt/,/kˈurt/,0,0.0,0.0,4,4
796,*/ʒˈos/,/ʒˈos/,0,0.0,0.0,3,3
797,*/deʃˈert/,/deʃˈert/,0,0.0,0.0,6,6
798,*/sˈəme/,/sˈamə/,2,0.5,0.15384615384615385,4,4
799,*/fˈalt͡ʃe/,/fˈalt͡ʃe/,0,0.0,0.0,5,5
800,*/ɡ?1ˈee/,/ɡrˈew/,2,0.5,0.3076923076923077,4,4
801,*/imputˈa/,/ɨmputˈa/,1,0.16666666666666666,0.038461538461538464,6,6
802,*/int͡sˈeɡrw̍/,/ɨntrˈeɡ/,5,0.8333333333333334,1.5384615384615385,7,6
803,*/lˈonɡ/,/lˈunɡ/,1,0.25,0.038461538461538464,4,4
804,*/məsˈurə/,/məsˈurə/,0,0.0,0.0,6,6
805,*/məsurˈa/,/məsurˈa/,0,0.0,0.0,6,6
806,*/mˈikə/,/mˈikə/,0,0.0,0.0,4,4
807,*/mɨnˈut/,/mərˈunt/,3,0.5,0.6153846153846154,5,6
808,*/mˈult/,/mˈult/,0,0.0,0.0,4,4
809,*/numərˈa/,/numərˈa/,0,0.0,0.0,6,6
810,*/nˈumər/,/nˈumər/,0,0.0,0.0,5,5
811,*/pərˈekur/,/perˈeke/,3,0.5,0.9423076923076923,7,6
812,*/pˈarte/,/pˈarte/,0,0.0,0.0,5,5
813,*/pˈas/,/pˈas/,0,0.0,0.0,3,3
814,*/pjˈatd͡ʒə/,/pˈɨt͡sə/,4,1.0,1.2692307692307692,6,4
815,*/plˈin/,/plˈin/,0,0.0,0.0,4,4
816,*/pˈant/,/kˈɨt/,3,1.0,0.7884615384615384,4,3
817,*/sˈinɡur/,/sˈinɡur/,0,0.0,0.0,6,6
818,*/sˈumə/,/sˈumə/,0,0.0,0.0,4,4
819,*/tˈot/,/tˈot/,0,0.0,0.0,3,3
820,*/to̯ˈatə/,/to̯ˈatə/,0,0.0,0.0,5,5
821,*/ˈambj̊/,/ˈɨmbj/,2,0.5,0.15384615384615385,4,4
822,*/antˈanʒ/,/ɨntˈɨj/,4,0.8,1.0384615384615385,6,5
823,*/t͡ʃˈint͡ʃe/,/t͡ʃˈint͡ʃj/,1,0.2,0.11538461538461539,5,5
824,*/dˈoj/,/dˈoj/,0,0.0,0.0,3,3
825,*/mˈild͡ʒə/,/mˈije/,3,0.75,0.9615384615384616,5,4
826,*/no̯ˈae/,/nˈowə/,3,0.75,0.4423076923076923,4,4
827,*/ˈopt/,/ˈopt/,0,0.0,0.0,3,3
828,*/pˈatbrw̍/,/pˈatru/,2,0.4,0.36538461538461536,6,5
829,*/ʃˈase/,/ʃˈase/,0,0.0,0.0,4,4
830,*/anut͡sˈerʒ/,/ant͡sˈərt͡s/,3,0.5,1.25,7,6
831,*/trˈej/,/trˈej/,0,0.0,0.0,4,4
832,*/ˈun/,/ˈunu/,1,0.3333333333333333,0.8076923076923077,2,3
833,*/ˈanɡur/,/ˈunɡj/,3,0.75,1.1538461538461537,5,4
834,*/anɡˈust/,/ɨnɡˈust/,1,0.16666666666666666,0.11538461538461539,6,6
835,*/ˈaspər/,/ˈaspru/,2,0.4,0.5961538461538461,5,5
836,*/t͡ʃˈerk/,/t͡ʃˈerk/,0,0.0,0.0,4,4
837,*/dˈes/,/dˈes/,0,0.0,0.0,3,3
838,*/furmˈos/,/frumˈos/,2,0.3333333333333333,0.7692307692307693,6,6
839,*/frˈad͡ʒed/,/frˈad͡ʒed/,0,0.0,0.0,6,6
840,*/ɡrˈas/,/ɡrˈas/,0,0.0,0.0,4,4
841,*/ɡrˈos/,/ɡrˈos/,0,0.0,0.0,4,4
842,*/ˈuməd/,/ˈumed/,1,0.25,0.057692307692307696,4,4
843,*/lˈarɡ/,/lˈarɡ/,0,0.0,0.0,4,4
844,*/lˈat/,/lˈat/,0,0.0,0.0,3,3
845,*/lˈine/,/lˈin/,1,0.3333333333333333,0.5769230769230769,4,3
846,*/mˈaprw̍/,/mˈakru/,2,0.4,0.19230769230769232,5,5
847,*/mˈart͡ʃed/,/mˈɨrt͡ʃed/,1,0.16666666666666666,0.11538461538461539,6,6
848,*/mjˈez/,/mjˈez/,0,0.0,0.0,4,4
849,*/mo̯ˈale/,/mo̯ˈale/,0,0.0,0.0,5,5
850,*/mˈut͡ʃed/,/mˈut͡ʃed/,0,0.0,0.0,5,5
851,*/mˈutur/,/mˈukje/,3,0.6,0.6730769230769231,5,5
852,*/mˈuturə/,/mˈukje/,4,0.8,1.0576923076923077,6,5
853,*/nətˈurə/,/natˈurə/,1,0.16666666666666666,0.09615384615384616,6,6
854,*/nˈeted/,/nˈeted/,0,0.0,0.0,5,5
855,*/t͡ʃˈet/,/t͡ʃˈet/,0,0.0,0.0,3,3
856,*/t͡ʃe̯ˈatə/,/t͡ʃe̯ˈatə/,0,0.0,0.0,5,5
857,*/rˈant͡ʃed/,/rˈɨnt͡ʃed/,1,0.16666666666666666,0.11538461538461539,6,6
858,*/rˈar/,/rˈar/,0,0.0,0.0,3,3
859,*/rətˈund/,/rətˈund/,0,0.0,0.0,6,6
860,*/skro̯ˈaɡurə/,/skˈorburə/,4,0.5,1.1153846153846154,9,8
861,*/sˈimn/,/sˈemn/,1,0.25,0.038461538461538464,4,4
862,*/simlˈa/,/semənˈa/,3,0.5,0.5961538461538461,5,6
863,*/strˈint/,/strˈɨmt/,2,0.3333333333333333,0.1346153846153846,6,6
864,*/suɡt͡sˈire/,/subt͡sˈire/,1,0.14285714285714285,0.15384615384615385,7,7
865,*/tət͡ʃˈe/,/tət͡ʃe̯ˈa/,2,0.4,0.4423076923076923,4,5
866,*/tˈare/,/tˈare/,0,0.0,0.0,4,4
867,*/ˈud/,/ˈud/,0,0.0,0.0,2,2
868,*/udˈa/,/udˈa/,0,0.0,0.0,3,3
869,*/vskˈos/,/vɨskˈos/,1,0.16666666666666666,0.7115384615384616,5,6
870,*/kuro̯ˈastrə/,/korˈastrə/,2,0.25,0.5769230769230769,9,8
871,*/aspstˈa/,/aʃteptˈa/,4,0.5714285714285714,1.0769230769230769,6,7
872,*/kwo̯ˈarte/,/kˈurte/,3,0.6,0.8461538461538461,7,5
873,*/kunind͡ʒˈind͡ʒə/,/kuviˈint͡sə/,4,0.5,1.6538461538461537,10,8
874,*/kunij̊/,/kuvenˈi/,4,0.6666666666666666,1.0192307692307692,5,6
875,*/kunintˈa/,/kuvɨntˈa/,2,0.2857142857142857,0.25,7,7
876,*/dˈomn/,/dˈomn/,0,0.0,0.0,4,4
877,*/frˈank/,/frˈɨnk/,1,0.2,0.11538461538461539,5,5
878,*/ɡrˈae̯k/,/ɡrˈek/,2,0.5,0.46153846153846156,5,4
879,*/o̯ˈaspete/,/o̯ˈaspete/,0,0.0,0.0,7,7
880,*/uspətˈa/,/ospətˈa/,1,0.16666666666666666,0.038461538461538464,6,6
881,*/impərˈature/,/ɨmpərˈat/,4,0.5714285714285714,2.1346153846153846,10,7
882,*/ʒˈudet͡ʃe/,/ʒˈude/,2,0.5,1.3653846153846154,6,4
883,*/ʒudˈez/,/ʒudˈet͡s/,1,0.2,0.09615384615384616,5,5
884,*/ʒurəmˈɨnt/,/ʒurəmˈɨnt/,0,0.0,0.0,8,8
885,*/ʒurˈa/,/ʒurˈa/,0,0.0,0.0,4,4
886,*/lədˈa/,/ləwdˈa/,1,0.2,0.6538461538461539,4,5
887,*/lˈade/,/lˈawdə/,2,0.4,0.7692307692307693,4,5
888,*/lˈed͡ʒe/,/lˈed͡ʒe/,0,0.0,0.0,4,4
889,*/leɡəmˈɨnt/,/leɡəmˈɨnt/,0,0.0,0.0,8,8
890,*/putˈind͡ʒə/,/putˈint͡sə/,1,0.14285714285714285,0.15384615384615385,7,7
891,*/sərutˈa/,/sərutˈa/,0,0.0,0.0,6,6
892,*/skjˈa/,/ʃkjˈaw/,2,0.4,0.8076923076923077,4,5
893,*/it͡ʃinetˈate/,/vet͡ʃinətˈate/,3,0.3,0.75,9,10
894,*/vstimˈa/,/vətəmˈa/,2,0.3333333333333333,0.4230769230769231,6,6
895,*/ae̯stimˈa/,/nestemˈatə/,5,0.5555555555555556,1.8076923076923077,7,9
896,*/kumpərˈa/,/kumpərˈa/,0,0.0,0.0,7,7
897,*/furˈa/,/furˈa/,0,0.0,0.0,4,4
898,*/fˈure/,/fˈur/,1,0.3333333333333333,0.5384615384615384,4,3
899,*/imprumutˈa/,/ɨmprumutˈa/,1,0.1111111111111111,0.038461538461538464,9,9
900,*/le̯ˈa/,/lwˈa/,1,0.3333333333333333,0.19230769230769232,3,3
901,*/neɡud͡ʒəto̯ˈare/,/neɡut͡sətˈor/,4,0.4444444444444444,1.3461538461538463,11,9
902,*/neɡˈoz/,/neɡˈot͡s/,1,0.2,0.09615384615384616,5,5
903,*/pjˈerde/,/pjˈerde/,0,0.0,0.0,6,6
904,*/p?1ˈez/,/prˈet͡s/,2,0.5,0.1346153846153846,4,4
905,*/ˈinde/,/vˈinde/,1,0.2,0.6923076923076923,4,5
906,*/ˈand͡ʒer/,/ˈɨnd͡ʒer/,1,0.2,0.11538461538461539,5,5
907,*/kresd͡ʒˈɨn/,/kreʃtˈin/,3,0.42857142857142855,0.38461538461538464,7,7
908,*/krˈut͡ʃe/,/krˈut͡ʃe/,0,0.0,0.0,5,5
909,*/de/,/zˈew/,3,1.0,0.8269230769230769,2,3
910,*/drəkˈune/,/drˈak/,4,1.0,2.25,7,4
911,*/d͡ʒeʒunˈa/,/aʒunˈa/,2,0.4,0.6923076923076923,6,5
912,*/inkinˈa/,/ɨnkinˈa/,1,0.16666666666666666,0.038461538461538464,6,6
913,*/inkinəʒˈune/,/ɨnkinət͡ʃˈune/,2,0.2,0.1346153846153846,10,10
914,*/iertˈa/,/jertˈa/,1,0.2,0.07692307692307693,5,5
915,*/mərʒˈune/,/minˈune/,3,0.5,0.7307692307692307,7,6
916,*/urəʒˈune/,/urət͡ʃˈune/,1,0.14285714285714285,0.09615384615384616,7,7
917,*/pəɡɨnetˈate/,/pəɡɨnətˈate/,1,0.1,0.057692307692307696,10,10
918,*/pəkˈat/,/pəkˈat/,0,0.0,0.0,5,5
919,*/pupurˈɨn/,/poporˈan/,3,0.42857142857142855,0.19230769230769232,7,7
920,*/pˈopur/,/popˈor/,2,0.4,0.19230769230769232,5,5
921,*/pədrəd͡ʒˈesimə/,/pəresˈimj/,6,0.75,1.8461538461538463,11,8
922,*/ruɡˈa/,/ruɡˈa/,0,0.0,0.0,4,4
923,*/ruɡəʒˈune/,/ruɡət͡ʃˈune/,1,0.125,0.09615384615384616,8,8
924,*/krd͡ʒəʒˈune/,/krət͡ʃˈun/,3,0.5,1.2692307692307692,8,6
925,*/pˈaskə/,/pˈaskə/,0,0.0,0.0,5,5
926,*/pˈaskəe̯/,/pˈaʃte/,4,0.8,0.75,6,5
927,*/serˈa/,/serbˈa/,1,0.2,0.5769230769230769,4,5
928,*/kumɨndˈa/,/kumɨndˈa/,0,0.0,0.0,7,7
929,*/kumɨndˈa/,/kumɨndˈa/,0,0.0,0.0,7,7
930,*/munmˈɨnt/,/mormˈɨnt/,2,0.2857142857142857,0.07692307692307693,7,7
931,*/inkɨntˈa/,/ɨnkɨntˈə/,2,0.2857142857142857,0.1346153846153846,7,7
932,*/tˈimplw̍/,/tˈɨmplə/,2,0.3333333333333333,0.25,6,6
933,*/kɨntˈa/,/kɨntˈa/,0,0.0,0.0,5,5
934,*/kˈartə/,/kˈarte/,1,0.2,0.057692307692307696,5,5
935,*/sk?1ˈie/,/skrˈije/,2,0.3333333333333333,0.23076923076923078,5,6
936,*/skreptˈurə/,/skriptˈurə/,1,0.1111111111111111,0.038461538461538464,9,9
937,*/but͡ʃinˈa/,/but͡ʃinˈa/,0,0.0,0.0,6,6
938,*/bˈut͡ʃin/,/bˈut͡ʃin/,0,0.0,0.0,5,5
939,*/kˈantek/,/kˈɨntek/,1,0.16666666666666666,0.11538461538461539,6,6
940,*/ko̯ˈardə/,/ko̯ˈardə/,0,0.0,0.0,6,6
941,*/t͡ʃe̯ˈatərə/,/t͡ʃˈeterə/,3,0.5,0.5,7,6
942,*/ʃierˈa/,/ʃwerˈa/,1,0.2,0.23076923076923078,5,5
943,*/sunˈa/,/sunˈa/,0,0.0,0.0,4,4
944,*/sˈun/,/sˈun/,0,0.0,0.0,3,3
945,*/sˈunet/,/sˈunet/,0,0.0,0.0,5,5
946,*/jˈes/,/vjˈers/,2,0.4,1.0,3,5
947,*/ʒukˈa/,/ʒukˈa/,0,0.0,0.0,4,4
948,*/ʒˈok/,/ʒˈok/,0,0.0,0.0,3,3
949,*/pərtrəd͡ʒˈet͡ʃe/,/petrˈet͡ʃe/,4,0.5714285714285714,1.5576923076923077,10,7
950,*/kɨnˈut/,/kərˈunt/,3,0.5,0.6153846153846154,5,6
951,*/ɡˈalbɨn/,/ɡˈalben/,1,0.16666666666666666,0.07692307692307693,6,6
952,*/mjˈer/,/mjˈer/,0,0.0,0.0,4,4
953,*/rˈosʒ/,/rˈoʃ/,2,0.6666666666666666,0.6153846153846154,4,3
954,*/rˈus/,/rˈus/,0,0.0,0.0,3,3
955,*/ˈinet/,/vˈɨnət/,3,0.6,0.75,4,5
956,*/erɡˈat/,/vərɡˈat/,2,0.3333333333333333,0.6538461538461539,5,6
957,*/əmˈar/,/amˈar/,1,0.25,0.09615384615384616,4,4
958,*/dˈult͡ʃe/,/dˈult͡ʃe/,0,0.0,0.0,5,5
959,*/dulko̯ˈare/,/dulko̯ˈare/,0,0.0,0.0,8,8
960,*/puto̯ˈare/,/puto̯ˈare/,0,0.0,0.0,7,7
961,*/pˈutred/,/pˈutred/,0,0.0,0.0,6,6
962,*/kəldo̯ˈare/,/kəldˈurə/,3,0.42857142857142855,0.75,8,7
963,*/kˈared/,/kˈald/,2,0.5,0.6730769230769231,5,4
964,*/ferˈinte/,/fjerbˈinte/,2,0.2222222222222222,1.0192307692307692,7,9
965,*/f?1ˈiɡ/,/frˈiɡ/,1,0.25,0.038461538461538464,4,4
966,*/rjˈet͡ʃinte/,/rˈet͡ʃe/,4,1.0,2.1538461538461537,8,4
967,*/ap?1ˈinde/,/aprˈinde/,1,0.14285714285714285,0.038461538461538464,7,7
968,*/ˈarde/,/ˈarde/,0,0.0,0.0,4,4
969,*/asˈurə/,/arsˈurə/,1,0.16666666666666666,0.4230769230769231,5,6
970,*/t͡ʃinˈusd͡ʒə/,/t͡ʃenˈuʃə/,3,0.5,0.7115384615384616,7,6
971,*/fˈakurə/,/flˈakərə/,2,0.2857142857142857,0.7692307692307693,6,7
972,*/flˈəmə/,/flˈamə/,1,0.2,0.09615384615384616,5,5
973,*/fˈok/,/fˈok/,0,0.0,0.0,3,3
974,*/fu?1ˈid͡ʒine/,/funˈind͡ʒine/,2,0.2222222222222222,0.7115384615384616,8,9
975,*/fˈum/,/fˈum/,0,0.0,0.0,3,3
976,*/int͡ʃˈinde/,/ɨnt͡ʃˈinde/,1,0.14285714285714285,0.038461538461538464,7,7
977,*/stˈind͡ʒe/,/stˈind͡ʒe/,0,0.0,0.0,6,6
978,*/teʒˈune/,/tət͡ʃˈune/,2,0.3333333333333333,0.15384615384615385,6,6
979,*/adˈente/,/adˈinte/,1,0.16666666666666666,0.038461538461538464,6,6
980,*/adˈet͡ʃe/,/aˈit͡ʃj/,3,0.75,0.9230769230769231,5,4
981,*/admˈod/,/amˈu/,3,1.0,1.3269230769230769,5,3
982,*/adfo̯ˈarə/,/afˈarə/,2,0.4,1.1923076923076923,7,5
983,*/arud͡ʒj̊/,/ajˈure/,4,0.8,0.7115384615384616,5,5
984,*/kˈontrə/,/kˈətre/,3,0.6,0.6730769230769231,6,5
985,*/kurˈɨnd/,/kurˈɨnd/,0,0.0,0.0,6,6
986,*/dejkd͡ʒˈinde/,/det͡ʃˈinde/,3,0.42857142857142855,0.9807692307692307,9,7
987,*/adine̯ˈawəurə/,/adine̯ˈawrj/,3,0.3333333333333333,1.1538461538461537,11,9
988,*/ʒˈos/,/ʒˈos/,0,0.0,0.0,3,3
989,*/depˈarte/,/depˈarte/,0,0.0,0.0,7,7
990,*/dˈep/,/dˈupə/,2,0.5,0.7307692307692307,3,4
991,*/et͡ʃj̊/,/at͡ʃˈi/,2,0.6666666666666666,0.15384615384615385,3,3
992,*/et͡ʃˈet͡ʃe/,/at͡ʃˈit͡ʃe/,2,0.4,0.07692307692307693,5,5
993,*/ekumˈat͡ʃe/,/ɨnko̯ˈat͡ʃe/,4,0.5714285714285714,0.9807692307692307,7,7
994,*/ekumˈəl/,/akˈolo/,5,1.0,1.1346153846153846,6,5
995,*/ekumˈod/,/akˈum/,4,1.0,1.5,6,4
996,*/ˈazˈe/,/ˈazj/,1,0.3333333333333333,0.11538461538461539,3,3
997,*/elˈa/,/lˈa/,1,0.5,0.5769230769230769,3,2
998,*/j̊/,/ˈɨn/,2,1.0,0.8076923076923077,1,2
999,*/inəˈante/,/ɨnaˈinte/,3,0.42857142857142855,0.21153846153846154,7,7
1000,*/inədˈintrw̍/,/ɨnəˈuntru/,4,0.5,0.9423076923076923,9,8
1001,*/inədpˈoj/,/ɨnapˈoj/,3,0.5,0.5769230769230769,7,6
1002,*/inkˈontrə/,/ɨnkˈotro/,3,0.42857142857142855,0.6538461538461539,8,7
1003,*/inzˈeretrw̍/,/ɨndˈərət/,6,0.8571428571428571,1.5,9,7
1004,*/ˈintrw̍/,/ˈɨntru/,2,0.4,0.07692307692307693,5,5
1005,*/lˈonɡumə/,/lˈɨnɡə/,3,0.6,1.3269230769230769,7,5
1006,*/nekˈalʒud͡ʒj̊/,/nikəˈirj/,7,1.0,2.0,9,7
1007,*/nekˈalʒud͡ʒj̊/,/nikəjˈerj/,7,0.875,1.5769230769230769,9,8
1008,*/nˈo/,/nˈow/,1,0.3333333333333333,0.5,2,3
1009,*/perˈintre/,/prˈintre/,1,0.14285714285714285,0.6538461538461539,8,7
1010,*/perˈintrw̍/,/pˈentru/,4,0.6666666666666666,1.2884615384615385,8,6
1011,*/perˈintrw̍/,/prˈintru/,2,0.2857142857142857,0.6923076923076923,8,7
1012,*/pˈoj/,/pˈoj/,0,0.0,0.0,3,3
1013,*/sˈut/,/sˈub/,1,0.3333333333333333,0.1346153846153846,3,3
1014,*/sˈupre/,/sprˈe/,2,0.5,1.0,5,4
1015,*/sˈus/,/sˈus/,0,0.0,0.0,3,3
1016,*/tərzˈi/,/tɨrzˈiw/,2,0.3333333333333333,0.6730769230769231,5,6
1017,*/timpu?1ˈi/,/timpurˈiw/,2,0.25,0.6538461538461539,7,8
1018,*/ˈumpə/,/ˈɨnkə/,3,0.75,0.36538461538461536,4,4
1019,*/ˈunde/,/ˈunde/,0,0.0,0.0,4,4
1020,*/jˈetur/,/vˈekj/,4,1.0,1.3846153846153846,5,4
1021,*/it͡ʃˈin/,/vet͡ʃˈin/,2,0.4,0.6923076923076923,4,5
1022,*/abˈate/,/abˈate/,0,0.0,0.0,5,5
1023,*/adt͡ʃelˈa/,/at͡ʃuˈa/,3,0.75,1.4807692307692308,6,4
1024,*/arɡˈa/,/alerɡˈa/,2,0.3333333333333333,1.1538461538461537,4,6
1025,*/aprud͡ʒˈa/,/apropjˈa/,3,0.42857142857142855,0.8269230769230769,6,7
1026,*/ased͡ʒˈa/,/aʃezˈa/,2,0.4,0.28846153846153844,5,5
1027,*/kədˈe/,/kəde̯ˈa/,2,0.4,0.4423076923076923,4,5
1028,*/kəlkˈa/,/kˈɨlka/,2,0.4,0.21153846153846154,5,5
1029,*/kulukˈa/,/kulkˈa/,1,0.2,0.7692307692307693,6,5
1030,*/kurˈə/,/kurˈe/,1,0.25,0.057692307692307696,4,4
1031,*/erədekˈa/,/ridikˈa/,3,0.5,0.6730769230769231,7,6
1032,*/erətet͡ʃj̊/,/rətət͡ʃˈi/,3,0.5,0.7115384615384616,7,6
1033,*/erunkˈa/,/arunkˈa/,1,0.16666666666666666,0.038461538461538464,6,6
1034,*/fˈuɡə/,/fˈuɡə/,0,0.0,0.0,4,4
1035,*/fud͡ʒˈe/,/fud͡ʒˈi/,1,0.25,0.038461538461538464,4,4
1036,*/inkund͡ʒerˈa/,/ɨnkonʒurˈa/,4,0.4444444444444444,0.3269230769230769,9,9
1037,*/intrˈa/,/intrˈa/,0,0.0,0.0,5,5
1038,*/luwrekˈa/,/lunekˈa/,2,0.3333333333333333,0.4230769230769231,7,6
1039,*/mjˈerd͡ʒe/,/mˈerd͡ʒe/,1,0.2,0.36538461538461536,6,5
1040,*/pərɨmburˈa/,/plimbˈa/,5,0.8333333333333334,2.076923076923077,9,6
1041,*/plekˈa/,/plekˈa/,0,0.0,0.0,5,5
1042,*/prut͡ʃˈede/,/purt͡ʃˈede/,2,0.2857142857142857,0.7692307692307693,7,7
1043,*/sə?1j̊/,/sərˈi/,2,0.5,0.15384615384615385,4,4
1044,*/səltˈa/,/səltˈa/,0,0.0,0.0,5,5
1045,*/sedˈe/,/ʃede̯ˈa/,3,0.6,0.5576923076923077,4,5
1046,*/stˈa/,/stˈa/,0,0.0,0.0,3,3
1047,*/sud͡ʒj̊/,/suˈi/,2,0.6666666666666666,0.9615384615384616,4,3
1048,*/tinˈe/,/t͡sine̯ˈa/,3,0.6,0.46153846153846156,4,5
1049,*/trəd͡ʒˈet͡ʃe/,/trˈet͡ʃe/,2,0.4,1.1538461538461537,7,5
1050,*/ij̊/,/venˈi/,4,1.0,1.4615384615384615,2,4
1051,*/adrestˈa/,/arətˈa/,3,0.6,1.0,7,5
1052,*/aplekˈa/,/aplekˈa/,0,0.0,0.0,6,6
1053,*/atˈind͡ʒe/,/atˈind͡ʒe/,0,0.0,0.0,6,6
1054,*/bˈate/,/bˈate/,0,0.0,0.0,4,4
1055,*/akupˈa/,/apukˈa/,2,0.4,0.3076923076923077,5,5
1056,*/kumprindˈe/,/kuprˈinde/,3,0.375,0.6538461538461539,9,8
1057,*/dˈa/,/dˈa/,0,0.0,0.0,2,2
1058,*/sbˈate/,/zbˈate/,1,0.2,0.038461538461538464,5,5
1059,*/skˈute/,/sko̯ˈate/,2,0.3333333333333333,0.8076923076923077,5,6
1060,*/frekˈa/,/frekˈa/,0,0.0,0.0,5,5
1061,*/frekətˈurə/,/frekətˈurə/,0,0.0,0.0,9,9
1062,*/inɡˈanə/,/ɨnɡˈɨna/,3,0.5,0.25,6,6
1063,*/ləsˈa/,/ləsˈa/,0,0.0,0.0,4,4
1064,*/pˈune/,/pˈune/,0,0.0,0.0,4,4
1065,*/rˈumpe/,/rˈupe/,1,0.25,0.5,5,4
1066,*/skərpɨnˈa/,/skərpinˈa/,1,0.125,0.038461538461538464,8,8
1067,*/spˈard͡ʒe/,/spˈard͡ʒe/,0,0.0,0.0,6,6
1068,*/strˈind͡ʒe/,/strˈɨnd͡ʒe/,1,0.14285714285714285,0.038461538461538464,7,7
1069,*/trimlˈa/,/tremurˈa/,3,0.42857142857142855,0.7884615384615384,6,7
1070,*/krˈeʃt͡ʃe/,/krˈeʃte/,1,0.16666666666666666,0.19230769230769232,6,6
1071,*/ukɨsʒunˈa/,/kəʃunˈa/,4,0.6666666666666666,1.3653846153846154,8,6
1072,*/so̯ˈarte/,/so̯ˈartə/,1,0.16666666666666666,0.057692307692307696,6,6
1073,*/adˈep/,/abjˈa/,3,0.75,0.6346153846153846,4,4
1074,*/bˈun/,/bˈun/,0,0.0,0.0,3,3
1075,*/kˈatə/,/kˈate/,1,0.25,0.057692307692307696,4,4
1076,*/k/,/kˈu/,1,0.5,0.8076923076923077,1,2
1077,*/fo̯ˈarə/,/fˈərə/,2,0.5,0.6538461538461539,5,4
1078,*/int͡ʃˈepe/,/ɨnt͡ʃˈepe/,1,0.16666666666666666,0.038461538461538464,6,6
1079,*/putˈe/,/pute̯ˈa/,2,0.4,0.4807692307692308,4,5
1080,*/pˈare/,/kˈare/,1,0.25,0.15384615384615385,4,4
1081,*/pˈa/,/kˈa/,1,0.5,0.15384615384615385,2,2
1082,*/kˈum/,/kˈum/,0,0.0,0.0,3,3
1083,*/rj/,/rˈəw/,2,0.6666666666666666,0.6153846153846154,2,3
1084,*/ʃj̊/,/ʃˈi/,1,0.5,0.11538461538461539,2,2
1085,*/simnˈa/,/semənˈa/,2,0.3333333333333333,0.5192307692307693,5,6
1086,*/sˈimle/,/se̯ˈamən/,4,0.6666666666666666,1.0576923076923077,5,6
1087,*/askˈonde/,/askˈunde/,1,0.14285714285714285,0.038461538461538464,7,7
1088,*/admstekˈa/,/amestekˈa/,2,0.25,0.5192307692307693,8,8
1089,*/ast͡sˈerne/,/aʃtˈerne/,2,0.2857142857142857,0.19230769230769232,7,7
1090,*/astupˈa/,/astupˈa/,0,0.0,0.0,6,6
1091,*/aleɡˈa/,/aleɡˈa/,0,0.0,0.0,5,5
1092,*/apərˈa/,/apərˈa/,0,0.0,0.0,5,5
1093,*/astrekˈa/,/astrukˈa/,1,0.14285714285714285,0.19230769230769232,7,7
1094,*/kətˈa/,/kəwtˈa/,1,0.2,0.6923076923076923,4,5
1095,*/kupe?1j̊/,/koperˈi/,3,0.5,0.19230769230769232,6,6
1096,*/krepˈa/,/krəpˈa/,1,0.2,0.057692307692307696,5,5
1097,*/kurˈa/,/kurˈa/,0,0.0,0.0,4,4
1098,*/despəkˈa/,/despikˈa/,1,0.14285714285714285,0.09615384615384616,7,7
1099,*/zˈired͡ʒe/,/drˈed͡ʒe/,3,0.6,0.8653846153846154,6,5
1100,*/dskupe?1j̊/,/deskoperˈi/,4,0.4444444444444444,0.9423076923076923,8,9
1101,*/skurtˈa/,/skurtˈa/,0,0.0,0.0,6,6
1102,*/spurerˈa/,/spulberˈa/,2,0.25,0.6153846153846154,7,8
1103,*/st͡sˈard͡ʒe/,/ʃtˈerd͡ʒe/,3,0.5,0.23076923076923078,6,6
1104,*/sto̯ˈart͡ʃe/,/sto̯ˈart͡ʃe/,0,0.0,0.0,7,7
1105,*/strəkurˈa/,/strekurˈa/,1,0.125,0.057692307692307696,8,8
1106,*/strekˈa/,/strikˈa/,1,0.16666666666666666,0.038461538461538464,6,6
1107,*/fˈat͡ʃe/,/fˈat͡ʃe/,0,0.0,0.0,4,4
1108,*/frˈand͡ʒe/,/frˈɨnd͡ʒe/,1,0.16666666666666666,0.11538461538461539,6,6
1109,*/imbɨnˈa/,/ɨmbinˈa/,2,0.3333333333333333,0.07692307692307693,6,6
1110,*/impərt͡sj̊/,/ɨmpərt͡sˈi/,2,0.2857142857142857,0.15384615384615385,7,7
1111,*/impedekˈa/,/ɨmpjedikˈa/,3,0.3333333333333333,0.5384615384615384,8,9
1112,*/impˈind͡ʒe/,/ɨmpˈind͡ʒe/,1,0.14285714285714285,0.038461538461538464,7,7
1113,*/implɨntˈa/,/ɨmplɨntˈa/,1,0.125,0.038461538461538464,8,8
1114,*/ˈumple/,/ˈumple/,0,0.0,0.0,5,5
1115,*/impˈund͡ʒe/,/ɨmpˈund͡ʒe/,1,0.14285714285714285,0.038461538461538464,7,7
1116,*/inəld͡ʒˈa/,/ɨnəlt͡sˈa/,2,0.3333333333333333,0.19230769230769232,6,6
1117,*/int͡ʃerkˈa/,/ɨnt͡ʃerkˈa/,1,0.14285714285714285,0.038461538461538464,7,7
1118,*/inkjeˈa/,/ɨnkejˈa/,3,0.5,0.2692307692307692,6,6
1119,*/iflˈa/,/umflˈa/,2,0.4,0.6346153846153846,4,5
1120,*/isinˈa/,/ɨnsemnˈa/,4,0.5714285714285714,0.9230769230769231,5,7
1121,*/intˈind͡ʒe/,/ɨntˈind͡ʒe/,1,0.14285714285714285,0.038461538461538464,7,7
1122,*/into̯ˈart͡ʃe/,/ɨnto̯ˈart͡ʃe/,1,0.125,0.038461538461538464,8,8
1123,*/inbd͡ʒˈa/,/ɨmbjˈa/,3,0.6,0.4230769230769231,5,5
1124,*/leɡˈa/,/leɡˈa/,0,0.0,0.0,4,4
1125,*/muld͡ʒˈa/,/mujˈa/,2,0.5,0.9230769230769231,5,4
1126,*/pərtˈunde/,/pətrˈunde/,2,0.25,0.2692307692307692,8,8
1127,*/rˈade/,/rˈade/,0,0.0,0.0,4,4
1128,*/ro̯ˈade/,/ro̯ˈade/,0,0.0,0.0,5,5
1129,*/suɡteld͡ʒˈa/,/subt͡sjˈa/,5,0.8333333333333334,1.5961538461538463,8,6
1130,*/təld͡ʒˈa/,/təjˈa/,2,0.5,0.8269230769230769,5,4
1131,*/trˈaiː̯/,/trˈad͡ʒe/,2,0.4,0.8461538461538461,4,5
1132,*/ˈund͡ʒe/,/ˈund͡ʒe/,0,0.0,0.0,4,4
1133,*/vsˈa/,/vərsˈa/,2,0.4,0.8076923076923077,3,5
1134,*/lusrˈa/,/lukrˈa/,1,0.2,0.2692307692307692,5,5
1135,*/lˈuprw̍/,/lˈukru/,2,0.4,0.19230769230769232,5,5
1136,*/məd͡ʒˈestrw̍/,/məjˈestru/,2,0.25,0.3269230769230769,8,8
1137,*/inkbd͡ʒˈet/,/ɨnt͡ʃˈet/,4,0.8,1.0576923076923077,7,5
1138,*/adˈut͡ʃe/,/adˈut͡ʃe/,0,0.0,0.0,5,5
1139,*/kəarˈez/,/kələrˈet͡s/,3,0.42857142857142855,0.6923076923076923,6,7
1140,*/kəalˈare/,/kəlˈare/,1,0.16666666666666666,0.4423076923076923,7,6
1141,*/kɨrˈa/,/kərˈa/,1,0.25,0.057692307692307696,4,4
1142,*/dskəalekˈa/,/deskəlekˈa/,2,0.2222222222222222,1.0769230769230769,9,9
1143,*/dˈut͡ʃe/,/dˈut͡ʃe/,0,0.0,0.0,4,4
1144,*/ifrinˈa/,/ɨnfrɨnˈa/,3,0.42857142857142855,0.6346153846153846,6,7
1145,*/mutˈa/,/mutˈa/,0,0.0,0.0,4,4
1146,*/purtˈa/,/purtˈa/,0,0.0,0.0,5,5
1147,*/trəd͡ʒinˈa/,/trəɡənˈa/,2,0.2857142857142857,0.34615384615384615,7,7
1148,*/trəmˈate/,/trimˈite/,2,0.2857142857142857,0.17307692307692307,7,7
1149,*/but͡ʃe̯ˈawə/,/but͡ʃe̯ˈa/,2,0.4,1.0192307692307692,7,5
1150,*/kəpˈəstrw̍/,/kəpˈəstru/,1,0.125,0.038461538461538464,8,8
1151,*/kˈar/,/kˈar/,0,0.0,0.0,3,3
1152,*/t͡ʃˈinɡurə/,/kˈinɡə/,3,0.6,1.4423076923076923,7,5
1153,*/inkɨrəkətˈurə/,/ɨnkərkətˈurə/,3,0.2727272727272727,0.6346153846153846,12,11
1154,*/lˈuntre/,/lˈuntre/,0,0.0,0.0,6,6
1155,*/pjˈedekə/,/pjˈedikə/,1,0.14285714285714285,0.038461538461538464,7,7
1156,*/pərˈɑnɡə/,/pərˈɨnɡə/,1,0.14285714285714285,0.11538461538461539,7,7
1157,*/ro̯ˈatə/,/ro̯ˈatə/,0,0.0,0.0,5,5
1158,*/sˈart͡ʃinə/,/sˈart͡ʃinə/,0,0.0,0.0,7,7
1159,*/ʃˈawə/,/ʃˈa/,2,1.0,1.0192307692307692,4,2
1160,*/kˈale/,/kˈale/,0,0.0,0.0,4,4
1161,*/kɨrˈard͡ʒə/,/kərˈare/,3,0.5,0.7115384615384616,7,6
1162,*/pˈont/,/pˈunte/,2,0.4,0.7115384615384616,4,5
1163,*/t͡ʃˈerne/,/t͡ʃˈerne/,0,0.0,0.0,5,5
1164,*/kulˈed͡ʒe/,/kulˈed͡ʒe/,0,0.0,0.0,6,6
1165,*/kurˈa/,/kurˈa/,0,0.0,0.0,4,4
1166,*/mət͡ʃinˈa/,/mət͡ʃinˈa/,0,0.0,0.0,6,6
1167,*/pəsˈa/,/pisˈa/,1,0.25,0.09615384615384616,4,4
1168,*/səpˈa/,/səpˈa/,0,0.0,0.0,4,4
1169,*/treɡurˈa/,/trejerˈa/,2,0.2857142857142857,0.4230769230769231,7,7
1170,*/interˈa/,/vɨnturˈa/,3,0.42857142857142855,0.8846153846153846,6,7
1171,*/mo̯ˈarə/,/mo̯ˈarə/,0,0.0,0.0,5,5
1172,*/pˈar/,/pˈar/,0,0.0,0.0,3,3
1173,*/sˈapə/,/sˈapə/,0,0.0,0.0,4,4
1174,*/sˈet͡ʃere/,/sˈet͡ʃerə/,1,0.16666666666666666,0.057692307692307696,6,6
1175,*/ˈard͡ʒə/,/ˈarje/,2,0.5,0.34615384615384615,4,4
1176,*/kˈamp/,/kˈɨmp/,1,0.25,0.11538461538461539,4,4
1177,*/po̯ˈarkə/,/po̯ˈarkə/,0,0.0,0.0,6,6
1178,*/rˈunk/,/rˈunk/,0,0.0,0.0,4,4
1179,*/simnətˈurə/,/semənətˈurə/,2,0.2,0.5192307692307693,9,10
1180,*/t͡sˈarə/,/t͡sˈarə/,0,0.0,0.0,4,4
1181,*/ˈind͡ʒə/,/vˈije/,4,1.0,1.0576923076923077,4,4
1182,*/leɡətˈurə/,/leɡətˈurə/,0,0.0,0.0,8,8
1183,*/mɨnˈukur/,/mənˈukj/,3,0.5,0.9807692307692307,7,6
1184,*/se̯ˈarə/,/ʃˈirə/,3,0.75,0.6153846153846154,5,4
1185,*/adəpˈa/,/adəpˈa/,0,0.0,0.0,5,5
1186,*/mɨnˈa/,/mɨnˈa/,0,0.0,0.0,4,4
1187,*/muld͡ʒˈe/,/mˈuld͡ʒe/,2,0.4,0.15384615384615385,5,5
1188,*/pˈaʃt͡ʃe/,/pˈaʃte/,1,0.2,0.19230769230769232,5,5
1189,*/isinˈa/,/ɨnsemnˈa/,4,0.5714285714285714,0.9230769230769231,5,7
1190,*/tundˈe/,/tundˈe/,0,0.0,0.0,5,5
1191,*/fˈin/,/fˈɨn/,1,0.3333333333333333,0.038461538461538464,3,3
1192,*/iernˈa/,/jernˈa/,1,0.2,0.07692307692307693,5,5
1193,*/ʒˈuɡ/,/ʒˈuɡ/,0,0.0,0.0,3,3
1194,*/nut?1ˈiz/,/nutrˈet͡s/,3,0.5,0.17307692307692307,6,6
1195,*/pɨsʒˈune/,/pəʃˈune/,3,0.5,0.6346153846153846,7,6
1196,*/stˈaɡur/,/stˈawl/,3,0.6,0.8076923076923077,6,5
1197,*/stimlˈard͡ʒə/,/strəmurˈare/,6,0.6,1.7884615384615385,9,10
1198,*/tˈurmə/,/tˈurmə/,0,0.0,0.0,5,5
1199,*/akəre̯ˈazə/,/vəkəre̯ˈat͡sə/,3,0.3333333333333333,0.7884615384615384,8,9
1200,*/buˈarʒ/,/bo̯ˈar/,2,0.5,0.6538461538461539,5,4
1201,*/pɨsto̯ˈare/,/pəstˈor/,4,0.6666666666666666,1.25,8,6
1202,*/purkˈarʒ/,/purkˈar/,1,0.16666666666666666,0.5384615384615384,7,6
1203,*/kˈasʒ/,/kˈaʃ/,2,0.6666666666666666,0.6153846153846154,4,3
1204,*/t͡ʃe̯ˈarə/,/t͡ʃe̯ˈarə/,0,0.0,0.0,5,5
1205,*/pˈaɡur/,/ke̯ˈaɡ/,4,1.0,1.5384615384615385,5,4
1206,*/fəˈur/,/faɡˈur/,2,0.4,0.7884615384615384,4,5
1207,*/fˈa/,/fˈaɡ/,1,0.3333333333333333,0.6153846153846154,2,3
1208,*/frˈupt/,/frˈupt/,0,0.0,0.0,5,5
1209,*/impəɡurˈa/,/ɨnkeɡˈa/,6,1.0,1.7307692307692308,8,6
1210,*/mjˈere/,/mjˈere/,0,0.0,0.0,5,5
1211,*/pɨstˈurə/,/pəstˈurə/,1,0.14285714285714285,0.057692307692307696,7,7
1212,*/stˈup/,/stˈup/,0,0.0,0.0,4,4
1213,*/sˈuk/,/usˈuk/,1,0.25,0.8846153846153846,3,4
1214,*/ˈunt/,/ˈunt/,0,0.0,0.0,3,3
1215,*/untˈurə/,/untˈurə/,0,0.0,0.0,6,6
1216,*/spɨntekˈa/,/spintekˈa/,1,0.125,0.038461538461538464,8,8
1217,*/inˈa?1j̊/,/vɨnˈa/,4,1.0,1.3269230769230769,5,4
1218,*/inəto̯ˈare/,/vɨnətˈor/,5,0.7142857142857143,1.8846153846153846,8,7
1219,*/inəto̯ˈard͡ʒə/,/vɨnəto̯ˈare/,4,0.4444444444444444,1.3461538461538463,9,9
1220,*/despuld͡ʒˈa/,/despujˈa/,2,0.2857142857142857,0.9230769230769231,8,7
1221,*/ifrˈand͡ʒe/,/ɨnfrˈɨnd͡ʒe/,3,0.375,0.7115384615384616,7,8
1222,*/ifruntˈa/,/ɨnfruntˈa/,2,0.25,0.5961538461538461,7,8
1223,*/inˈint͡ʃe/,/ɨnvˈind͡ʒe/,3,0.42857142857142855,0.6538461538461539,6,7
1224,*/lˈuptə/,/lˈuptə/,0,0.0,0.0,5,5
1225,*/lustˈa?1j̊/,/luptˈa/,3,0.6,1.4230769230769231,7,5
1226,*/prəe̯dˈa/,/prədˈa/,1,0.2,0.4230769230769231,6,5
1227,*/rəpj̊/,/rəpˈi/,1,0.25,0.11538461538461539,4,4
1228,*/səd͡ʒetˈa/,/səd͡ʒetˈa/,0,0.0,0.0,6,6
1229,*/supˈune/,/supˈune/,0,0.0,0.0,6,6
1230,*/səd͡ʒe̯ˈatə/,/səd͡ʒe̯ˈatə/,0,0.0,0.0,7,7
1231,*/skˈut/,/skˈut/,0,0.0,0.0,4,4
1232,*/te̯ˈakə/,/te̯ˈakə/,0,0.0,0.0,5,5
1233,*/za/,/zˈa/,1,0.5,0.07692307692307693,2,2
1234,*/pˈat͡ʃe/,/pˈat͡ʃe/,0,0.0,0.0,4,4
1235,*/prˈae̯də/,/prˈadə/,1,0.2,0.40384615384615385,6,5
1236,*/t͡ʃˈer/,/kˈajer/,4,0.8,0.9423076923076923,3,5
1237,*/kˈanurə/,/kˈanurə/,0,0.0,0.0,6,6
1238,*/depɨnˈa/,/depənˈa/,1,0.16666666666666666,0.057692307692307696,6,6
1239,*/fulʒˈor/,/fujˈor/,2,0.4,0.8846153846153846,6,5
1240,*/fˈurkə/,/fˈurkə/,0,0.0,0.0,5,5
1241,*/fustet͡ʃˈel/,/fuʃtˈel/,3,0.5,1.5769230769230769,8,6
1242,*/fust͡sˈel/,/fuʃt͡ʃˈel/,2,0.3333333333333333,0.23076923076923078,6,6
1243,*/fˈus/,/fˈus/,0,0.0,0.0,3,3
1244,*/ɡˈim/,/ɡjˈem/,2,0.5,0.38461538461538464,3,4
1245,*/inkurekˈa/,/ɨnkurkˈa/,2,0.2857142857142857,0.6923076923076923,8,7
1246,*/sˈuɡur/,/sˈul/,3,1.0,1.3461538461538463,5,3
1247,*/nˈod/,/nˈod/,0,0.0,0.0,3,3
1248,*/urzj̊/,/urzˈi/,1,0.25,0.11538461538461539,4,4
1249,*/pˈae̯nurə/,/pˈənurə/,2,0.3333333333333333,0.4423076923076923,7,6
1250,*/pjˈedin/,/pjˈedin/,0,0.0,0.0,6,6
1251,*/pˈiwə/,/pˈiwə/,0,0.0,0.0,4,4
1252,*/rɨskurˈa/,/rəʃkjˈa/,4,0.6666666666666666,1.0961538461538463,7,6
1253,*/rətˈe/,/ret͡se̯ˈa/,4,0.8,0.6538461538461539,4,5
1254,*/spˈatə/,/spˈatə/,0,0.0,0.0,5,5
1255,*/spˈəmə/,/skˈamə/,2,0.4,0.25,5,5
1256,*/stˈupə/,/stˈupə/,0,0.0,0.0,5,5
1257,*/tinde̯ˈakurə/,/tindˈeke/,5,0.7142857142857143,1.6538461538461537,10,7
1258,*/t͡sˈapse/,/t͡sˈese/,2,0.5,0.6538461538461539,5,4
1259,*/to̯ˈart͡ʃe/,/to̯ˈart͡ʃe/,0,0.0,0.0,6,6
1260,*/tˈort/,/tˈort/,0,0.0,0.0,4,4
1261,*/ˈaskje/,/ˈaʃkje/,1,0.2,0.11538461538461539,5,5
1262,*/do̯ˈaɡə/,/do̯ˈaɡə/,0,0.0,0.0,5,5
1263,*/duɡˈarʒ/,/doɡˈar/,2,0.4,0.5769230769230769,6,5
1264,*/durˈa/,/durˈa/,0,0.0,0.0,4,4
1265,*/linˈarʒ/,/lemnˈar/,3,0.5,0.9615384615384616,6,6
1266,*/mˈalʒ/,/mˈaj/,2,0.6666666666666666,0.8076923076923077,4,3
1267,*/pˈar/,/pˈar/,0,0.0,0.0,3,3
1268,*/skɨndˈurə/,/skɨndˈurə/,0,0.0,0.0,8,8
1269,*/sekˈure/,/sekˈure/,0,0.0,0.0,6,6
1270,*/ard͡ʒintˈarʒ/,/ard͡ʒintˈar/,1,0.125,0.5384615384615384,9,8
1271,*/awrˈarʒ/,/awrˈar/,1,0.2,0.5384615384615384,6,5
1272,*/kjˈae/,/kˈeje/,2,0.5,0.2692307692307692,4,4
1273,*/fˈawr/,/fˈawr/,0,0.0,0.0,4,4
1274,*/fɨrˈarʒ/,/fjerˈar/,3,0.5,1.0384615384615385,6,6
1275,*/fo̯ˈale/,/fo̯ˈale/,0,0.0,0.0,5,5
1276,*/lˈamnə/,/lˈamurə/,2,0.3333333333333333,0.75,5,6
1277,*/ˈalbʒ/,/ˈalbje/,2,0.4,0.6153846153846154,4,5
1278,*/bˈute/,/bˈute/,0,0.0,0.0,4,4
1279,*/kəldˈard͡ʒə/,/kəldˈare/,2,0.2857142857142857,0.6538461538461539,8,7
1280,*/kˈupə/,/kˈupə/,0,0.0,0.0,4,4
1281,*/ɡəle̯ˈatə/,/ɡəle̯ˈatə/,0,0.0,0.0,7,7
1282,*/o̯ˈawə/,/o̯ˈalə/,1,0.25,0.34615384615384615,4,4
1283,*/ulˈarʒ/,/olˈar/,2,0.5,0.5769230769230769,5,4
1284,*/ulet͡ʃe̯ˈawə/,/ult͡ʃe̯ˈa/,3,0.6,1.6923076923076923,8,5
1285,*/sˈak/,/sˈak/,0,0.0,0.0,3,3
1286,*/t͡sˈest/,/t͡sˈest/,0,0.0,0.0,4,4
1287,*/urʒˈor/,/urt͡ʃˈor/,1,0.2,0.09615384615384616,5,5
1288,*/ˈas/,/vˈas/,1,0.3333333333333333,0.6923076923076923,2,3
1289,*/bjˈer/,/bˈajer/,2,0.4,0.5,4,5
1290,*/kure̯ˈazə/,/kure̯ˈa/,2,0.4,1.1730769230769231,7,5
1291,*/kut͡sˈit/,/kut͡sˈit/,0,0.0,0.0,5,5
1292,*/ɡrˈat͡sj̊/,/ɡrˈatje/,3,0.5,0.5,5,6
1293,*/fˈəmbrd͡ʒə/,/frɨnɡˈije/,7,0.875,1.5192307692307692,7,8
1294,*/fo̯ˈarfet͡ʃe/,/fo̯ˈarfet͡ʃe/,0,0.0,0.0,8,8
1295,*/fˈune/,/fˈunje/,1,0.2,0.38461538461538464,4,5
1296,*/ləatˈurə/,/lətˈurə/,1,0.16666666666666666,0.4423076923076923,7,6
1297,*/lʃˈid͡ʒə/,/leʃˈije/,3,0.5,0.9615384615384616,5,6
1298,*/spˈumə/,/spˈumə/,0,0.0,0.0,5,5
1299,*/sˈuɡurə/,/sˈulə/,3,0.75,1.3461538461538463,6,4
1300,*/to̯ˈartə/,/to̯ˈartə/,0,0.0,0.0,6,6
1301,*/kimˈa/,/kemˈa/,1,0.25,0.038461538461538464,4,4
1302,*/kunˈint/,/kuvˈɨnt/,2,0.3333333333333333,0.25,6,6
1303,*/zˈit͡ʃe/,/zˈit͡ʃe/,0,0.0,0.0,4,4
1304,*/spˈune/,/spˈune/,0,0.0,0.0,5,5
1305,*/inɡɨnˈa/,/ɨnɡɨnˈa/,1,0.16666666666666666,0.038461538461538464,6,6
1306,*/lˈimbə/,/lˈimbə/,0,0.0,0.0,5,5
1307,*/nˈume/,/nˈume/,0,0.0,0.0,4,4
1308,*/urˈa/,/urˈa/,0,0.0,0.0,3,3
1309,*/rspˈonde/,/rəspˈunde/,2,0.25,0.5769230769230769,7,8
1310,*/streɡˈa/,/striɡˈa/,1,0.16666666666666666,0.038461538461538464,6,6
1311,*/p?1ˈinde/,/prˈinde/,1,0.16666666666666666,0.038461538461538464,6,6
1312,*/aˈe/,/ave̯ˈa/,3,0.75,1.0192307692307692,2,4
1313,*/ae̯a/,/ave̯ˈa/,2,0.5,0.6923076923076923,3,4
1314,*/kˈae̯r/,/t͡ʃˈer/,3,1.0,0.5961538461538461,4,3
1315,*/dˈae̯də/,/zˈadə/,2,0.5,0.5,5,4
1316,*/fˈae̯n/,/fˈɨn/,2,0.6666666666666666,0.46153846153846156,4,3
1317,*/fwˈet/,/fˈət/,2,0.6666666666666666,0.6538461538461539,4,3
1318,*/fwe̯ˈatə/,/fˈatə/,2,0.5,0.8269230769230769,6,4
1319,*/askultˈa/,/askultˈa/,0,0.0,0.0,7,7
1320,*/t͡ʃˈe/,/t͡ʃˈine/,3,0.75,1.2692307692307692,2,4
1321,*/pˈəs/,/pˈəs/,0,0.0,0.0,3,3
1322,*/prˈes/,/prˈins/,2,0.4,0.5384615384615384,4,5
1323,*/rspˈos/,/rəspˈuns/,3,0.42857142857142855,1.1538461538461537,5,7
1324,*/ure̯ˈakurə/,/urˈeke/,5,1.0,1.5576923076923077,8,5
1325,*/ˈokur/,/ˈokj/,2,0.6666666666666666,0.9230769230769231,4,3
1326,*/dˈomn/,/dˈomn/,0,0.0,0.0,4,4
1327,*/dˈomnə/,/do̯ˈamnə/,2,0.3333333333333333,0.6730769230769231,5,6
1328,*/ˈerede/,/vˈerde/,2,0.4,0.8653846153846154,5,5
1329,*/kˈap/,/kˈap/,0,0.0,0.0,3,3
1330,*/t͡sˈine/,/t͡sˈine/,0,0.0,0.0,4,4
1331,*/ˈede/,/vˈede/,1,0.25,0.6538461538461539,3,4
1332,*/rˈide/,/rˈɨde/,1,0.25,0.038461538461538464,4,4
1333,*/d/,/dˈu/,1,0.5,0.9423076923076923,1,2
1334,*/sˈand͡ʒe/,/sˈɨnd͡ʒe/,1,0.2,0.11538461538461539,5,5
1335,*/nˈo/,/nˈu/,1,0.5,0.038461538461538464,2,2
1336,*/mjˈere/,/mjˈere/,0,0.0,0.0,5,5
1337,*/fjˈere/,/fjˈere/,0,0.0,0.0,5,5
1338,*/sˈare/,/sˈare/,0,0.0,0.0,4,4
1339,*/ˈintre/,/ˈɨntre/,1,0.2,0.038461538461538464,5,5
1340,*/p?1ˈe/,/pˈe/,1,0.5,0.5769230769230769,3,2
1341,*/jˈakə/,/vˈakə/,1,0.25,0.28846153846153844,4,4
1342,*/ˈo/,/ˈow/,1,0.5,0.5,1,2
1343,*/t͡ʃˈer/,/t͡ʃˈerb/,1,0.25,0.4230769230769231,3,4
1344,*/ʒurˈa/,/ʒurˈa/,0,0.0,0.0,4,4
1345,*/ʒˈoj̊/,/ʒˈoj/,1,0.3333333333333333,0.038461538461538464,3,3
1346,*/frˈant/,/frˈɨnt/,1,0.2,0.11538461538461539,5,5
1347,*/dˈos/,/dˈos/,0,0.0,0.0,3,3
1348,*/ʒˈos/,/ʒˈos/,0,0.0,0.0,3,3
1349,*/pjˈesekə/,/pjˈersekə/,1,0.125,0.38461538461538464,7,8
1350,*/ʃˈapte/,/ʃˈapte/,0,0.0,0.0,5,5
1351,*/ko̯ˈapsə/,/ko̯ˈapsə/,0,0.0,0.0,6,6
1352,*/f?1ˈipʃj̊/,/frˈipse/,3,0.5,0.3076923076923077,6,6
1353,*/lˈapte/,/lˈapte/,0,0.0,0.0,5,5
1354,*/fˈapt/,/fˈapt/,0,0.0,0.0,4,4
1355,*/lˈupt/,/lˈupt/,0,0.0,0.0,4,4
1356,*/pjˈeptine/,/pjˈeptene/,1,0.125,0.038461538461538464,8,8
1357,*/pjˈept/,/pjˈept/,0,0.0,0.0,5,5
1358,*/dˈimn/,/dˈemn/,1,0.25,0.038461538461538464,4,4
1359,*/lˈimn/,/lˈemn/,1,0.25,0.038461538461538464,4,4
1360,*/pˈumn/,/pˈumn/,0,0.0,0.0,4,4
1361,*/ʃj̊/,/jeʃˈi/,3,0.75,0.9615384615384616,2,4
1362,*/frəsinˈet/,/frəsinˈet/,0,0.0,0.0,8,8
1363,*/kunˈat/,/kumnˈat/,1,0.16666666666666666,0.4230769230769231,5,6
1364,*/ˈapə/,/ˈapə/,0,0.0,0.0,3,3
1365,*/jˈapə/,/jˈapə/,0,0.0,0.0,4,4
1366,*/lˈimbə/,/lˈimbə/,0,0.0,0.0,5,5
1367,*/interuɡˈa/,/ɨntrebˈa/,4,0.5714285714285714,1.0576923076923077,8,7
1368,*/skˈarə/,/skˈarə/,0,0.0,0.0,5,5
1369,*/murere/,/mujˈere/,2,0.3333333333333333,0.3076923076923077,6,6
1370,*/pərete/,/perˈete/,2,0.3333333333333333,0.1346153846153846,6,6
1371,*/lˈakbʒ/,/lˈat͡s/,3,1.0,1.2884615384615385,5,3
1372,*/kəmˈasd͡ʒə/,/kəmˈaʃə/,2,0.3333333333333333,0.6730769230769231,7,6
1373,*/ɡjˈazə/,/ɡe̯ˈat͡sə/,2,0.4,0.1346153846153846,5,5
1374,*/bˈine/,/bˈine/,0,0.0,0.0,4,4
1375,*/fjˈer/,/fjˈer/,0,0.0,0.0,4,4
1376,*/fˈat͡ʃet͡sj̊/,/fˈat͡ʃet͡sj/,1,0.16666666666666666,0.038461538461538464,6,6
1377,*/pˈər/,/pˈər/,0,0.0,0.0,3,3
1378,*/pˈər/,/pˈər/,0,0.0,0.0,3,3
1379,*/ˈinə/,/vˈɨnə/,2,0.5,0.6923076923076923,3,4
1380,*/fˈatə/,/fˈatə/,0,0.0,0.0,4,4
1381,*/mˈasə/,/mˈasə/,0,0.0,0.0,4,4
1382,*/kˈunʒ/,/kˈuj/,2,0.6666666666666666,0.8461538461538461,4,3
1383,*/ˈin/,/vˈin/,1,0.3333333333333333,0.6923076923076923,2,3
1384,*/spərˈa/,/sperˈa/,1,0.2,0.057692307692307696,5,5
1385,*/strəpˈund͡ʒe/,/strəpˈund͡ʒe/,0,0.0,0.0,9,9
1386,*/t͡ʃˈer/,/t͡ʃˈer/,0,0.0,0.0,3,3
1387,*/rˈi/,/rˈɨw/,2,0.6666666666666666,0.6153846153846154,2,3
1388,*/ko̯ˈat͡ʃe/,/ko̯ˈat͡ʃe/,0,0.0,0.0,5,5
1389,*/ˈund͡ʒe/,/ˈund͡ʒe/,0,0.0,0.0,4,4
1390,*/aʒutˈa/,/aʒutˈa/,0,0.0,0.0,5,5
1391,*/fˈazə/,/fˈat͡sə/,1,0.25,0.09615384615384616,4,4
1392,*/rˈoz/,/rˈojb/,2,0.5,0.7692307692307693,3,4
1393,*/ˈazə/,/ˈajbə/,2,0.5,0.6538461538461539,3,4
1394,*/skˈazə/,/skˈajbə/,2,0.3333333333333333,0.6538461538461539,5,6
1395,*/stˈawr/,/stˈawl/,1,0.2,0.038461538461538464,5,5
1396,*/t͡ʃˈiwr/,/t͡ʃˈur/,2,0.6666666666666666,0.6923076923076923,4,3
1397,*/skˈamn/,/skˈawn/,1,0.2,0.25,5,5
1398,*/dˈamnə/,/dˈawnə/,1,0.2,0.25,5,5
1399,*/ˈuwre/,/ˈud͡ʒer/,3,0.75,0.9807692307692307,4,4
1400,*/jˈaɡurə/,/nˈeɡurə/,2,0.3333333333333333,0.3076923076923077,6,6
1401,*/rˈuɡ/,/rˈuɡ/,0,0.0,0.0,3,3
1402,*/nˈae̯/,/nˈeɡ/,2,0.6666666666666666,0.3076923076923077,3,3
1403,*/aˈunkur/,/ˈunkj/,3,0.75,1.5384615384615385,6,4
1404,*/bˈae/,/be̯ˈa/,2,0.6666666666666666,0.23076923076923078,3,3
1405,*/adˈuk/,/adˈuk/,0,0.0,0.0,4,4
1406,*/ˈan/,/ˈan/,0,0.0,0.0,2,2
1407,*/ʃʃˈo/,/ʃtjˈu/,3,0.75,0.8461538461538461,3,4
1408,*/ʃt͡ʃˈij/,/ʃtˈij/,1,0.25,0.19230769230769232,4,4
1409,*/nˈoj/,/nˈoj/,0,0.0,0.0,3,3
1410,*/ˈoj/,/vˈoj/,1,0.3333333333333333,0.6538461538461539,2,3
1411,*/t?1ˈej/,/trˈej/,1,0.25,0.038461538461538464,4,4
1412,*/ˈawzj̊/,/ˈawzj/,1,0.25,0.038461538461538464,4,4
1413,*/kˈasəe̯/,/kˈase/,2,0.5,0.46153846153846156,5,4
1414,*/lˈupj̊/,/lˈupj/,1,0.25,0.038461538461538464,4,4
1415,*/lˈimbə/,/lˈimbə/,0,0.0,0.0,5,5
1416,*/pˈand/,/kˈɨnd/,2,0.5,0.2692307692307692,4,4
1417,*/jˈeste/,/jˈeste/,0,0.0,0.0,5,5
1418,*/ˈele/,/jˈel/,2,0.6666666666666666,0.7307692307692307,3,3
1419,*/e̯ˈawə/,/jˈa/,3,1.5,1.0576923076923077,4,2
1420,*/ˈej̊/,/jˈej/,2,0.6666666666666666,0.38461538461538464,2,3
1421,*/e̯ˈawəe̯/,/jˈele/,5,1.25,0.8846153846153846,5,4
1422,*/jˈo/,/jˈew/,2,0.6666666666666666,0.5,2,3
1423,*/jˈe/,/jˈe/,0,0.0,0.0,2,2
1424,*/jˈarə/,/jerˈa/,2,0.5,0.28846153846153844,4,4
1425,*/nˈeɡrw̍/,/nˈeɡru/,1,0.2,0.038461538461538464,5,5
1426,*/ne̯ˈaɡrə/,/ne̯ˈaɡrə/,0,0.0,0.0,6,6
1427,*/ne̯ˈaɡrəe̯/,/nˈeɡre/,4,0.8,0.8076923076923077,7,5
1428,*/se̯ˈarə/,/se̯ˈarə/,0,0.0,0.0,5,5
1429,*/zˈet͡ʃe/,/zˈet͡ʃe/,0,0.0,0.0,4,4
1430,*/mo̯ˈawə/,/mo̯ˈalə/,1,0.2,0.34615384615384615,5,5
1431,*/ste̯ˈawə/,/ste̯ˈa/,2,0.5,1.0192307692307692,6,4
1432,*/pˈinə/,/pˈanə/,1,0.25,0.07692307692307693,4,4
1433,*/bˈunə/,/bˈunə/,0,0.0,0.0,4,4
1434,*/mjˈa/,/me̯ˈa/,1,0.3333333333333333,0.038461538461538464,3,3
1435,*/mˈonte/,/mˈunte/,1,0.2,0.038461538461538464,5,5
1436,*/ɡəˈinə/,/ɡəˈinə/,0,0.0,0.0,5,5
1437,*/pərˈinte/,/pərˈinte/,0,0.0,0.0,7,7
1438,*/sɨnetˈate/,/sənətˈate/,2,0.25,0.11538461538461539,8,8
1439,*/t͡ʃietˈate/,/t͡ʃetˈate/,1,0.16666666666666666,0.4423076923076923,7,6
1440,*/zˈik/,/zˈik/,0,0.0,0.0,3,3
1441,*/ʃˈes/,/ʃˈes/,0,0.0,0.0,3,3
1442,*/pət͡sj̊/,/pət͡sˈi/,1,0.25,0.11538461538461539,4,4
1443,*/skˈa/,/skˈəw/,2,0.5,0.7307692307692307,3,4
1444,*/skurd͡ʒˈa/,/zɡɨrjˈa/,4,0.6666666666666666,0.4807692307692308,6,6
1445,*/strəpˈund͡ʒe/,/strəpˈund͡ʒe/,0,0.0,0.0,9,9
1446,*/pˈae̯r/,/t͡ʃˈer/,3,1.0,0.5961538461538461,4,3
1447,*/tˈimp/,/tˈimp/,0,0.0,0.0,4,4
1448,*/fəmˈald͡ʒə/,/fəmˈeje/,4,0.6666666666666666,1.0,7,6